,Country,Sex,Year,Obesity (%),Region,BMI
756,Argentina,Both sexes,1975,11.2 [7.5-15.7],South America,11.2
757,Argentina,Male,1975,9.0 [4.6-15.2],South America,9.0
758,Argentina,Female,1975,13.2 [7.7-20.1],South America,13.2
759,Argentina,Both sexes,1976,11.5 [7.8-15.8],South America,11.5
760,Argentina,Male,1976,9.3 [4.9-15.3],South America,9.3
761,Argentina,Female,1976,13.5 [8.1-20.2],South America,13.5
762,Argentina,Both sexes,1977,11.8 [8.2-16.0],South America,11.8
763,Argentina,Male,1977,9.6 [5.2-15.4],South America,9.6
764,Argentina,Female,1977,13.8 [8.6-20.3],South America,13.8
765,Argentina,Both sexes,1978,12.1 [8.6-16.3],South America,12.1
766,Argentina,Male,1978,9.9 [5.6-15.6],South America,9.9
767,Argentina,Female,1978,14.1 [9.0-20.5],South America,14.1
768,Argentina,Both sexes,1979,12.5 [8.9-16.5],South America,12.5
769,Argentina,Male,1979,10.3 [5.9-15.9],South America,10.3
770,Argentina,Female,1979,14.4 [9.4-20.6],South America,14.4
771,Argentina,Both sexes,1980,12.8 [9.3-16.8],South America,12.8
772,Argentina,Male,1980,10.6 [6.3-16.1],South America,10.6
773,Argentina,Female,1980,14.7 [9.8-20.8],South America,14.7
774,Argentina,Both sexes,1981,13.1 [9.7-17.1],South America,13.1
775,Argentina,Male,1981,11.0 [6.6-16.5],South America,11.0
776,Argentina,Female,1981,15.1 [10.2-21.0],South America,15.1
777,Argentina,Both sexes,1982,13.5 [10.0-17.4],South America,13.5
778,Argentina,Male,1982,11.3 [7.0-16.8],South America,11.3
779,Argentina,Female,1982,15.4 [10.5-21.3],South America,15.4
780,Argentina,Both sexes,1983,13.8 [10.5-17.7],South America,13.8
781,Argentina,Male,1983,11.7 [7.3-17.2],South America,11.7
782,Argentina,Female,1983,15.7 [10.9-21.5],South America,15.7
783,Argentina,Both sexes,1984,14.2 [10.9-18.0],South America,14.2
784,Argentina,Male,1984,12.1 [7.7-17.5],South America,12.1
785,Argentina,Female,1984,16.1 [11.3-21.8],South America,16.1
786,Argentina,Both sexes,1985,14.6 [11.3-18.3],South America,14.6
787,Argentina,Male,1985,12.5 [8.0-17.9],South America,12.5
788,Argentina,Female,1985,16.4 [11.6-22.1],South America,16.4
789,Argentina,Both sexes,1986,15.0 [11.6-18.7],South America,15.0
790,Argentina,Male,1986,12.9 [8.4-18.3],South America,12.9
791,Argentina,Female,1986,16.8 [12.1-22.4],South America,16.8
792,Argentina,Both sexes,1987,15.4 [12.0-19.1],South America,15.4
793,Argentina,Male,1987,13.3 [8.8-18.7],South America,13.3
794,Argentina,Female,1987,17.2 [12.5-22.6],South America,17.2
795,Argentina,Both sexes,1988,15.8 [12.4-19.5],South America,15.8
796,Argentina,Male,1988,13.7 [9.2-19.1],South America,13.7
797,Argentina,Female,1988,17.5 [12.9-22.9],South America,17.5
798,Argentina,Both sexes,1989,16.2 [12.8-19.9],South America,16.2
799,Argentina,Male,1989,14.2 [9.6-19.6],South America,14.2
800,Argentina,Female,1989,17.9 [13.3-23.3],South America,17.9
801,Argentina,Both sexes,1990,16.6 [13.2-20.2],South America,16.6
802,Argentina,Male,1990,14.6 [10.0-20.0],South America,14.6
803,Argentina,Female,1990,18.3 [13.7-23.7],South America,18.3
804,Argentina,Both sexes,1991,17.0 [13.6-20.7],South America,17.0
805,Argentina,Male,1991,15.0 [10.4-20.5],South America,15.0
806,Argentina,Female,1991,18.7 [14.1-24.0],South America,18.7
807,Argentina,Both sexes,1992,17.4 [14.0-21.1],South America,17.4
808,Argentina,Male,1992,15.5 [10.7-20.9],South America,15.5
809,Argentina,Female,1992,19.1 [14.5-24.3],South America,19.1
810,Argentina,Both sexes,1993,17.8 [14.4-21.6],South America,17.8
811,Argentina,Male,1993,15.9 [11.2-21.3],South America,15.9
812,Argentina,Female,1993,19.5 [14.9-24.7],South America,19.5
813,Argentina,Both sexes,1994,18.2 [14.8-22.0],South America,18.2
814,Argentina,Male,1994,16.4 [11.6-21.8],South America,16.4
815,Argentina,Female,1994,19.8 [15.3-25.0],South America,19.8
816,Argentina,Both sexes,1995,18.6 [15.3-22.4],South America,18.6
817,Argentina,Male,1995,16.8 [12.0-22.2],South America,16.8
818,Argentina,Female,1995,20.2 [15.7-25.4],South America,20.2
819,Argentina,Both sexes,1996,19.1 [15.7-22.8],South America,19.1
820,Argentina,Male,1996,17.3 [12.5-22.6],South America,17.3
821,Argentina,Female,1996,20.6 [16.0-25.7],South America,20.6
822,Argentina,Both sexes,1997,19.5 [16.1-23.2],South America,19.5
823,Argentina,Male,1997,17.7 [12.9-23.0],South America,17.7
824,Argentina,Female,1997,21.0 [16.4-26.1],South America,21.0
825,Argentina,Both sexes,1998,19.9 [16.5-23.6],South America,19.9
826,Argentina,Male,1998,18.2 [13.4-23.5],South America,18.2
827,Argentina,Female,1998,21.4 [16.9-26.5],South America,21.4
828,Argentina,Both sexes,1999,20.3 [17.0-23.9],South America,20.3
829,Argentina,Male,1999,18.6 [13.8-24.0],South America,18.6
830,Argentina,Female,1999,21.8 [17.2-26.9],South America,21.8
831,Argentina,Both sexes,2000,20.7 [17.4-24.3],South America,20.7
832,Argentina,Male,2000,19.1 [14.2-24.5],South America,19.1
833,Argentina,Female,2000,22.1 [17.5-27.2],South America,22.1
834,Argentina,Both sexes,2001,21.2 [17.8-24.8],South America,21.2
835,Argentina,Male,2001,19.6 [14.7-24.9],South America,19.6
836,Argentina,Female,2001,22.5 [18.0-27.7],South America,22.5
837,Argentina,Both sexes,2002,21.6 [18.3-25.2],South America,21.6
838,Argentina,Male,2002,20.0 [15.1-25.4],South America,20.0
839,Argentina,Female,2002,22.9 [18.3-28.1],South America,22.9
840,Argentina,Both sexes,2003,22.1 [18.7-25.7],South America,22.1
841,Argentina,Male,2003,20.5 [15.6-25.9],South America,20.5
842,Argentina,Female,2003,23.3 [18.7-28.5],South America,23.3
843,Argentina,Both sexes,2004,22.5 [19.1-26.2],South America,22.5
844,Argentina,Male,2004,21.0 [16.1-26.3],South America,21.0
845,Argentina,Female,2004,23.7 [19.1-28.9],South America,23.7
846,Argentina,Both sexes,2005,23.0 [19.5-26.7],South America,23.0
847,Argentina,Male,2005,21.5 [16.6-26.9],South America,21.5
848,Argentina,Female,2005,24.2 [19.4-29.3],South America,24.2
849,Argentina,Both sexes,2006,23.4 [19.9-27.2],South America,23.4
850,Argentina,Male,2006,22.0 [17.0-27.5],South America,22.0
851,Argentina,Female,2006,24.6 [19.9-29.7],South America,24.6
852,Argentina,Both sexes,2007,23.9 [20.3-27.7],South America,23.9
853,Argentina,Male,2007,22.5 [17.5-28.2],South America,22.5
854,Argentina,Female,2007,25.0 [20.2-30.2],South America,25.0
855,Argentina,Both sexes,2008,24.4 [20.7-28.3],South America,24.4
856,Argentina,Male,2008,23.0 [17.9-28.8],South America,23.0
857,Argentina,Female,2008,25.4 [20.6-30.7],South America,25.4
858,Argentina,Both sexes,2009,24.8 [21.1-28.8],South America,24.8
859,Argentina,Male,2009,23.6 [18.3-29.4],South America,23.6
860,Argentina,Female,2009,25.9 [21.0-31.2],South America,25.9
861,Argentina,Both sexes,2010,25.3 [21.4-29.4],South America,25.3
862,Argentina,Male,2010,24.1 [18.7-30.1],South America,24.1
863,Argentina,Female,2010,26.3 [21.3-31.8],South America,26.3
864,Argentina,Both sexes,2011,25.8 [21.9-30.1],South America,25.8
865,Argentina,Male,2011,24.6 [19.1-30.7],South America,24.6
866,Argentina,Female,2011,26.7 [21.5-32.4],South America,26.7
867,Argentina,Both sexes,2012,26.3 [22.2-30.7],South America,26.3
868,Argentina,Male,2012,25.1 [19.4-31.5],South America,25.1
869,Argentina,Female,2012,27.2 [21.8-33.0],South America,27.2
870,Argentina,Both sexes,2013,26.8 [22.6-31.3],South America,26.8
871,Argentina,Male,2013,25.7 [19.7-32.3],South America,25.7
872,Argentina,Female,2013,27.6 [22.0-33.7],South America,27.6
873,Argentina,Both sexes,2014,27.3 [22.9-32.0],South America,27.3
874,Argentina,Male,2014,26.2 [20.0-33.1],South America,26.2
875,Argentina,Female,2014,28.1 [22.1-34.4],South America,28.1
876,Argentina,Both sexes,2015,27.8 [23.2-32.7],South America,27.8
877,Argentina,Male,2015,26.8 [20.2-34.1],South America,26.8
878,Argentina,Female,2015,28.5 [22.3-35.1],South America,28.5
879,Argentina,Both sexes,2016,28.3 [23.4-33.5],South America,28.3
880,Argentina,Male,2016,27.3 [20.5-35.0],South America,27.3
881,Argentina,Female,2016,29.0 [22.5-36.0],South America,29.0
2520,Bolivia (Plurinational State of),Both sexes,1975,4.8 [2.4-8.3],South America,4.8
2521,Bolivia (Plurinational State of),Male,1975,2.1 [0.6-5.1],South America,2.1
2522,Bolivia (Plurinational State of),Female,1975,7.3 [3.1-13.4],South America,7.3
2523,Bolivia (Plurinational State of),Both sexes,1976,5.0 [2.6-8.4],South America,5.0
2524,Bolivia (Plurinational State of),Male,1976,2.2 [0.7-5.2],South America,2.2
2525,Bolivia (Plurinational State of),Female,1976,7.5 [3.3-13.5],South America,7.5
2526,Bolivia (Plurinational State of),Both sexes,1977,5.2 [2.8-8.6],South America,5.2
2527,Bolivia (Plurinational State of),Male,1977,2.3 [0.7-5.4],South America,2.3
2528,Bolivia (Plurinational State of),Female,1977,7.8 [3.6-13.7],South America,7.8
2529,Bolivia (Plurinational State of),Both sexes,1978,5.4 [3.0-8.8],South America,5.4
2530,Bolivia (Plurinational State of),Male,1978,2.5 [0.8-5.6],South America,2.5
2531,Bolivia (Plurinational State of),Female,1978,8.1 [3.8-13.9],South America,8.1
2532,Bolivia (Plurinational State of),Both sexes,1979,5.6 [3.2-9.0],South America,5.6
2533,Bolivia (Plurinational State of),Male,1979,2.6 [0.9-5.8],South America,2.6
2534,Bolivia (Plurinational State of),Female,1979,8.4 [4.1-14.2],South America,8.4
2535,Bolivia (Plurinational State of),Both sexes,1980,5.9 [3.4-9.2],South America,5.9
2536,Bolivia (Plurinational State of),Male,1980,2.8 [1.0-6.0],South America,2.8
2537,Bolivia (Plurinational State of),Female,1980,8.7 [4.4-14.5],South America,8.7
2538,Bolivia (Plurinational State of),Both sexes,1981,6.2 [3.6-9.4],South America,6.2
2539,Bolivia (Plurinational State of),Male,1981,2.9 [1.1-6.2],South America,2.9
2540,Bolivia (Plurinational State of),Female,1981,9.1 [4.7-14.8],South America,9.1
2541,Bolivia (Plurinational State of),Both sexes,1982,6.4 [3.9-9.7],South America,6.4
2542,Bolivia (Plurinational State of),Male,1982,3.1 [1.2-6.5],South America,3.1
2543,Bolivia (Plurinational State of),Female,1982,9.5 [5.0-15.2],South America,9.5
2544,Bolivia (Plurinational State of),Both sexes,1983,6.7 [4.1-10.0],South America,6.7
2545,Bolivia (Plurinational State of),Male,1983,3.3 [1.3-6.7],South America,3.3
2546,Bolivia (Plurinational State of),Female,1983,9.9 [5.4-15.5],South America,9.9
2547,Bolivia (Plurinational State of),Both sexes,1984,7.1 [4.4-10.3],South America,7.1
2548,Bolivia (Plurinational State of),Male,1984,3.5 [1.4-7.0],South America,3.5
2549,Bolivia (Plurinational State of),Female,1984,10.3 [5.7-16.0],South America,10.3
2550,Bolivia (Plurinational State of),Both sexes,1985,7.4 [4.7-10.7],South America,7.4
2551,Bolivia (Plurinational State of),Male,1985,3.8 [1.5-7.4],South America,3.8
2552,Bolivia (Plurinational State of),Female,1985,10.7 [6.1-16.4],South America,10.7
2553,Bolivia (Plurinational State of),Both sexes,1986,7.7 [5.0-11.1],South America,7.7
2554,Bolivia (Plurinational State of),Male,1986,4.0 [1.7-7.7],South America,4.0
2555,Bolivia (Plurinational State of),Female,1986,11.1 [6.5-16.9],South America,11.1
2556,Bolivia (Plurinational State of),Both sexes,1987,8.1 [5.3-11.5],South America,8.1
2557,Bolivia (Plurinational State of),Male,1987,4.2 [1.8-8.1],South America,4.2
2558,Bolivia (Plurinational State of),Female,1987,11.6 [6.8-17.4],South America,11.6
2559,Bolivia (Plurinational State of),Both sexes,1988,8.5 [5.6-11.9],South America,8.5
2560,Bolivia (Plurinational State of),Male,1988,4.5 [2.0-8.5],South America,4.5
2561,Bolivia (Plurinational State of),Female,1988,12.0 [7.2-17.8],South America,12.0
2562,Bolivia (Plurinational State of),Both sexes,1989,8.8 [5.9-12.3],South America,8.8
2563,Bolivia (Plurinational State of),Male,1989,4.8 [2.1-8.9],South America,4.8
2564,Bolivia (Plurinational State of),Female,1989,12.5 [7.7-18.3],South America,12.5
2565,Bolivia (Plurinational State of),Both sexes,1990,9.2 [6.3-12.7],South America,9.2
2566,Bolivia (Plurinational State of),Male,1990,5.1 [2.3-9.3],South America,5.1
2567,Bolivia (Plurinational State of),Female,1990,13.0 [8.1-18.8],South America,13.0
2568,Bolivia (Plurinational State of),Both sexes,1991,9.6 [6.6-13.1],South America,9.6
2569,Bolivia (Plurinational State of),Male,1991,5.4 [2.5-9.6],South America,5.4
2570,Bolivia (Plurinational State of),Female,1991,13.5 [8.6-19.3],South America,13.5
2571,Bolivia (Plurinational State of),Both sexes,1992,10.0 [6.9-13.5],South America,10.0
2572,Bolivia (Plurinational State of),Male,1992,5.7 [2.7-10.0],South America,5.7
2573,Bolivia (Plurinational State of),Female,1992,14.0 [9.0-19.8],South America,14.0
2574,Bolivia (Plurinational State of),Both sexes,1993,10.4 [7.3-14.0],South America,10.4
2575,Bolivia (Plurinational State of),Male,1993,6.0 [2.8-10.4],South America,6.0
2576,Bolivia (Plurinational State of),Female,1993,14.5 [9.5-20.2],South America,14.5
2577,Bolivia (Plurinational State of),Both sexes,1994,10.8 [7.7-14.4],South America,10.8
2578,Bolivia (Plurinational State of),Male,1994,6.3 [3.0-10.8],South America,6.3
2579,Bolivia (Plurinational State of),Female,1994,14.9 [9.9-20.7],South America,14.9
2580,Bolivia (Plurinational State of),Both sexes,1995,11.2 [8.0-14.9],South America,11.2
2581,Bolivia (Plurinational State of),Male,1995,6.6 [3.3-11.2],South America,6.6
2582,Bolivia (Plurinational State of),Female,1995,15.4 [10.3-21.2],South America,15.4
2583,Bolivia (Plurinational State of),Both sexes,1996,11.6 [8.4-15.3],South America,11.6
2584,Bolivia (Plurinational State of),Male,1996,6.9 [3.5-11.7],South America,6.9
2585,Bolivia (Plurinational State of),Female,1996,15.9 [10.8-21.7],South America,15.9
2586,Bolivia (Plurinational State of),Both sexes,1997,12.0 [8.7-15.8],South America,12.0
2587,Bolivia (Plurinational State of),Male,1997,7.2 [3.7-12.1],South America,7.2
2588,Bolivia (Plurinational State of),Female,1997,16.4 [11.2-22.2],South America,16.4
2589,Bolivia (Plurinational State of),Both sexes,1998,12.4 [9.1-16.2],South America,12.4
2590,Bolivia (Plurinational State of),Male,1998,7.6 [3.9-12.5],South America,7.6
2591,Bolivia (Plurinational State of),Female,1998,16.8 [11.6-22.6],South America,16.8
2592,Bolivia (Plurinational State of),Both sexes,1999,12.8 [9.5-16.6],South America,12.8
2593,Bolivia (Plurinational State of),Male,1999,7.9 [4.2-12.9],South America,7.9
2594,Bolivia (Plurinational State of),Female,1999,17.3 [12.0-23.1],South America,17.3
2595,Bolivia (Plurinational State of),Both sexes,2000,13.2 [9.8-17.0],South America,13.2
2596,Bolivia (Plurinational State of),Male,2000,8.2 [4.4-13.3],South America,8.2
2597,Bolivia (Plurinational State of),Female,2000,17.8 [12.5-23.6],South America,17.8
2598,Bolivia (Plurinational State of),Both sexes,2001,13.6 [10.2-17.4],South America,13.6
2599,Bolivia (Plurinational State of),Male,2001,8.6 [4.7-13.8],South America,8.6
2600,Bolivia (Plurinational State of),Female,2001,18.2 [12.9-24.1],South America,18.2
2601,Bolivia (Plurinational State of),Both sexes,2002,14.0 [10.6-17.9],South America,14.0
2602,Bolivia (Plurinational State of),Male,2002,8.9 [4.9-14.2],South America,8.9
2603,Bolivia (Plurinational State of),Female,2002,18.7 [13.3-24.5],South America,18.7
2604,Bolivia (Plurinational State of),Both sexes,2003,14.4 [11.0-18.3],South America,14.4
2605,Bolivia (Plurinational State of),Male,2003,9.2 [5.2-14.6],South America,9.2
2606,Bolivia (Plurinational State of),Female,2003,19.2 [13.8-25.0],South America,19.2
2607,Bolivia (Plurinational State of),Both sexes,2004,14.8 [11.3-18.7],South America,14.8
2608,Bolivia (Plurinational State of),Male,2004,9.6 [5.4-15.0],South America,9.6
2609,Bolivia (Plurinational State of),Female,2004,19.6 [14.2-25.5],South America,19.6
2610,Bolivia (Plurinational State of),Both sexes,2005,15.2 [11.7-19.2],South America,15.2
2611,Bolivia (Plurinational State of),Male,2005,9.9 [5.6-15.4],South America,9.9
2612,Bolivia (Plurinational State of),Female,2005,20.1 [14.6-26.0],South America,20.1
2613,Bolivia (Plurinational State of),Both sexes,2006,15.7 [12.1-19.6],South America,15.7
2614,Bolivia (Plurinational State of),Male,2006,10.3 [5.9-15.9],South America,10.3
2615,Bolivia (Plurinational State of),Female,2006,20.6 [15.0-26.5],South America,20.6
2616,Bolivia (Plurinational State of),Both sexes,2007,16.1 [12.4-20.1],South America,16.1
2617,Bolivia (Plurinational State of),Male,2007,10.7 [6.2-16.4],South America,10.7
2618,Bolivia (Plurinational State of),Female,2007,21.1 [15.4-27.1],South America,21.1
2619,Bolivia (Plurinational State of),Both sexes,2008,16.5 [12.8-20.6],South America,16.5
2620,Bolivia (Plurinational State of),Male,2008,11.1 [6.5-16.9],South America,11.1
2621,Bolivia (Plurinational State of),Female,2008,21.5 [15.8-27.6],South America,21.5
2622,Bolivia (Plurinational State of),Both sexes,2009,17.0 [13.2-21.1],South America,17.0
2623,Bolivia (Plurinational State of),Male,2009,11.5 [6.7-17.5],South America,11.5
2624,Bolivia (Plurinational State of),Female,2009,22.0 [16.2-28.2],South America,22.0
2625,Bolivia (Plurinational State of),Both sexes,2010,17.4 [13.5-21.7],South America,17.4
2626,Bolivia (Plurinational State of),Male,2010,11.9 [7.0-18.0],South America,11.9
2627,Bolivia (Plurinational State of),Female,2010,22.5 [16.5-28.8],South America,22.5
2628,Bolivia (Plurinational State of),Both sexes,2011,17.9 [13.9-22.2],South America,17.9
2629,Bolivia (Plurinational State of),Male,2011,12.3 [7.2-18.7],South America,12.3
2630,Bolivia (Plurinational State of),Female,2011,23.0 [16.9-29.4],South America,23.0
2631,Bolivia (Plurinational State of),Both sexes,2012,18.3 [14.2-22.8],South America,18.3
2632,Bolivia (Plurinational State of),Male,2012,12.7 [7.5-19.3],South America,12.7
2633,Bolivia (Plurinational State of),Female,2012,23.5 [17.3-30.0],South America,23.5
2634,Bolivia (Plurinational State of),Both sexes,2013,18.8 [14.5-23.4],South America,18.8
2635,Bolivia (Plurinational State of),Male,2013,13.1 [7.7-19.9],South America,13.1
2636,Bolivia (Plurinational State of),Female,2013,24.0 [17.6-30.8],South America,24.0
2637,Bolivia (Plurinational State of),Both sexes,2014,19.3 [14.8-24.0],South America,19.3
2638,Bolivia (Plurinational State of),Male,2014,13.6 [7.9-20.5],South America,13.6
2639,Bolivia (Plurinational State of),Female,2014,24.5 [17.9-31.5],South America,24.5
2640,Bolivia (Plurinational State of),Both sexes,2015,19.7 [15.1-24.7],South America,19.7
2641,Bolivia (Plurinational State of),Male,2015,14.0 [8.2-21.3],South America,14.0
2642,Bolivia (Plurinational State of),Female,2015,25.0 [18.2-32.3],South America,25.0
2643,Bolivia (Plurinational State of),Both sexes,2016,20.2 [15.4-25.4],South America,20.2
2644,Bolivia (Plurinational State of),Male,2016,14.5 [8.4-22.1],South America,14.5
2645,Bolivia (Plurinational State of),Female,2016,25.6 [18.5-33.2],South America,25.6
2898,Brazil,Both sexes,1975,5.2 [3.3-7.9],South America,5.2
2899,Brazil,Male,1975,3.0 [1.4-5.7],South America,3.0
2900,Brazil,Female,1975,7.3 [4.0-12.0],South America,7.3
2901,Brazil,Both sexes,1976,5.5 [3.5-8.1],South America,5.5
2902,Brazil,Male,1976,3.2 [1.5-5.8],South America,3.2
2903,Brazil,Female,1976,7.6 [4.3-12.2],South America,7.6
2904,Brazil,Both sexes,1977,5.7 [3.8-8.3],South America,5.7
2905,Brazil,Male,1977,3.4 [1.7-6.0],South America,3.4
2906,Brazil,Female,1977,8.0 [4.7-12.5],South America,8.0
2907,Brazil,Both sexes,1978,6.0 [4.1-8.5],South America,6.0
2908,Brazil,Male,1978,3.6 [1.9-6.2],South America,3.6
2909,Brazil,Female,1978,8.3 [5.1-12.6],South America,8.3
2910,Brazil,Both sexes,1979,6.3 [4.4-8.7],South America,6.3
2911,Brazil,Male,1979,3.8 [2.1-6.4],South America,3.8
2912,Brazil,Female,1979,8.7 [5.4-12.9],South America,8.7
2913,Brazil,Both sexes,1980,6.6 [4.7-9.0],South America,6.6
2914,Brazil,Male,1980,4.1 [2.3-6.6],South America,4.1
2915,Brazil,Female,1980,9.0 [5.8-13.1],South America,9.0
2916,Brazil,Both sexes,1981,6.9 [5.0-9.2],South America,6.9
2917,Brazil,Male,1981,4.3 [2.5-6.8],South America,4.3
2918,Brazil,Female,1981,9.4 [6.2-13.4],South America,9.4
2919,Brazil,Both sexes,1982,7.2 [5.3-9.5],South America,7.2
2920,Brazil,Male,1982,4.6 [2.7-7.1],South America,4.6
2921,Brazil,Female,1982,9.8 [6.6-13.7],South America,9.8
2922,Brazil,Both sexes,1983,7.6 [5.7-9.8],South America,7.6
2923,Brazil,Male,1983,4.8 [3.0-7.4],South America,4.8
2924,Brazil,Female,1983,10.2 [7.1-14.0],South America,10.2
2925,Brazil,Both sexes,1984,7.9 [6.0-10.1],South America,7.9
2926,Brazil,Male,1984,5.1 [3.3-7.6],South America,5.1
2927,Brazil,Female,1984,10.6 [7.5-14.3],South America,10.6
2928,Brazil,Both sexes,1985,8.3 [6.4-10.4],South America,8.3
2929,Brazil,Male,1985,5.4 [3.5-7.9],South America,5.4
2930,Brazil,Female,1985,11.0 [7.9-14.7],South America,11.0
2931,Brazil,Both sexes,1986,8.6 [6.7-10.7],South America,8.6
2932,Brazil,Male,1986,5.7 [3.8-8.2],South America,5.7
2933,Brazil,Female,1986,11.4 [8.3-15.0],South America,11.4
2934,Brazil,Both sexes,1987,9.0 [7.1-11.1],South America,9.0
2935,Brazil,Male,1987,6.0 [4.1-8.5],South America,6.0
2936,Brazil,Female,1987,11.8 [8.8-15.4],South America,11.8
2937,Brazil,Both sexes,1988,9.4 [7.4-11.5],South America,9.4
2938,Brazil,Male,1988,6.3 [4.4-8.9],South America,6.3
2939,Brazil,Female,1988,12.2 [9.2-15.7],South America,12.2
2940,Brazil,Both sexes,1989,9.8 [7.9-11.8],South America,9.8
2941,Brazil,Male,1989,6.7 [4.7-9.2],South America,6.7
2942,Brazil,Female,1989,12.7 [9.6-16.1],South America,12.7
2943,Brazil,Both sexes,1990,10.2 [8.3-12.2],South America,10.2
2944,Brazil,Male,1990,7.0 [5.0-9.5],South America,7.0
2945,Brazil,Female,1990,13.1 [10.1-16.5],South America,13.1
2946,Brazil,Both sexes,1991,10.6 [8.7-12.6],South America,10.6
2947,Brazil,Male,1991,7.4 [5.3-9.9],South America,7.4
2948,Brazil,Female,1991,13.5 [10.5-16.8],South America,13.5
2949,Brazil,Both sexes,1992,11.0 [9.1-13.0],South America,11.0
2950,Brazil,Male,1992,7.7 [5.6-10.2],South America,7.7
2951,Brazil,Female,1992,14.0 [11.0-17.3],South America,14.0
2952,Brazil,Both sexes,1993,11.4 [9.5-13.5],South America,11.4
2953,Brazil,Male,1993,8.1 [5.9-10.6],South America,8.1
2954,Brazil,Female,1993,14.4 [11.5-17.7],South America,14.4
2955,Brazil,Both sexes,1994,11.8 [9.9-13.9],South America,11.8
2956,Brazil,Male,1994,8.5 [6.3-11.0],South America,8.5
2957,Brazil,Female,1994,14.9 [11.9-18.1],South America,14.9
2958,Brazil,Both sexes,1995,12.2 [10.3-14.3],South America,12.2
2959,Brazil,Male,1995,8.9 [6.6-11.4],South America,8.9
2960,Brazil,Female,1995,15.3 [12.4-18.5],South America,15.3
2961,Brazil,Both sexes,1996,12.7 [10.7-14.8],South America,12.7
2962,Brazil,Male,1996,9.3 [7.0-11.8],South America,9.3
2963,Brazil,Female,1996,15.8 [12.8-19.0],South America,15.8
2964,Brazil,Both sexes,1997,13.1 [11.2-15.2],South America,13.1
2965,Brazil,Male,1997,9.7 [7.4-12.3],South America,9.7
2966,Brazil,Female,1997,16.3 [13.3-19.4],South America,16.3
2967,Brazil,Both sexes,1998,13.6 [11.6-15.7],South America,13.6
2968,Brazil,Male,1998,10.1 [7.7-12.7],South America,10.1
2969,Brazil,Female,1998,16.8 [13.8-19.9],South America,16.8
2970,Brazil,Both sexes,1999,14.1 [12.1-16.1],South America,14.1
2971,Brazil,Male,1999,10.5 [8.1-13.2],South America,10.5
2972,Brazil,Female,1999,17.3 [14.3-20.4],South America,17.3
2973,Brazil,Both sexes,2000,14.5 [12.6-16.6],South America,14.5
2974,Brazil,Male,2000,11.0 [8.5-13.6],South America,11.0
2975,Brazil,Female,2000,17.8 [14.9-20.9],South America,17.8
2976,Brazil,Both sexes,2001,15.0 [13.1-17.1],South America,15.0
2977,Brazil,Male,2001,11.4 [8.9-14.1],South America,11.4
2978,Brazil,Female,2001,18.2 [15.3-21.3],South America,18.2
2979,Brazil,Both sexes,2002,15.5 [13.5-17.5],South America,15.5
2980,Brazil,Male,2002,11.9 [9.3-14.6],South America,11.9
2981,Brazil,Female,2002,18.7 [15.8-21.8],South America,18.7
2982,Brazil,Both sexes,2003,15.9 [13.9-18.0],South America,15.9
2983,Brazil,Male,2003,12.3 [9.8-15.1],South America,12.3
2984,Brazil,Female,2003,19.2 [16.3-22.2],South America,19.2
2985,Brazil,Both sexes,2004,16.4 [14.4-18.5],South America,16.4
2986,Brazil,Male,2004,12.8 [10.2-15.5],South America,12.8
2987,Brazil,Female,2004,19.7 [16.7-22.7],South America,19.7
2988,Brazil,Both sexes,2005,16.8 [14.8-19.0],South America,16.8
2989,Brazil,Male,2005,13.2 [10.6-16.0],South America,13.2
2990,Brazil,Female,2005,20.1 [17.2-23.2],South America,20.1
2991,Brazil,Both sexes,2006,17.3 [15.2-19.5],South America,17.3
2992,Brazil,Male,2006,13.7 [11.1-16.6],South America,13.7
2993,Brazil,Female,2006,20.6 [17.5-23.7],South America,20.6
2994,Brazil,Both sexes,2007,17.8 [15.6-20.0],South America,17.8
2995,Brazil,Male,2007,14.1 [11.4-17.1],South America,14.1
2996,Brazil,Female,2007,21.1 [17.9-24.3],South America,21.1
2997,Brazil,Both sexes,2008,18.2 [16.0-20.5],South America,18.2
2998,Brazil,Male,2008,14.6 [11.8-17.7],South America,14.6
2999,Brazil,Female,2008,21.5 [18.3-24.9],South America,21.5
3000,Brazil,Both sexes,2009,18.7 [16.4-21.1],South America,18.7
3001,Brazil,Male,2009,15.0 [12.1-18.3],South America,15.0
3002,Brazil,Female,2009,22.0 [18.6-25.5],South America,22.0
3003,Brazil,Both sexes,2010,19.2 [16.8-21.6],South America,19.2
3004,Brazil,Male,2010,15.5 [12.5-18.9],South America,15.5
3005,Brazil,Female,2010,22.5 [18.9-26.1],South America,22.5
3006,Brazil,Both sexes,2011,19.6 [17.1-22.2],South America,19.6
3007,Brazil,Male,2011,16.0 [12.8-19.5],South America,16.0
3008,Brazil,Female,2011,22.9 [19.2-26.8],South America,22.9
3009,Brazil,Both sexes,2012,20.1 [17.4-22.8],South America,20.1
3010,Brazil,Male,2012,16.5 [13.1-20.2],South America,16.5
3011,Brazil,Female,2012,23.4 [19.5-27.5],South America,23.4
3012,Brazil,Both sexes,2013,20.6 [17.8-23.5],South America,20.6
3013,Brazil,Male,2013,17.0 [13.4-21.0],South America,17.0
3014,Brazil,Female,2013,23.9 [19.8-28.3],South America,23.9
3015,Brazil,Both sexes,2014,21.1 [18.1-24.2],South America,21.1
3016,Brazil,Male,2014,17.5 [13.7-21.8],South America,17.5
3017,Brazil,Female,2014,24.4 [20.0-29.1],South America,24.4
3018,Brazil,Both sexes,2015,21.6 [18.4-25.0],South America,21.6
3019,Brazil,Male,2015,18.0 [13.9-22.6],South America,18.0
3020,Brazil,Female,2015,24.9 [20.3-29.8],South America,24.9
3021,Brazil,Both sexes,2016,22.1 [18.7-25.7],South America,22.1
3022,Brazil,Male,2016,18.5 [14.1-23.5],South America,18.5
3023,Brazil,Female,2016,25.4 [20.4-30.7],South America,25.4
4284,Chile,Both sexes,1975,11.2 [7.5-15.7],South America,11.2
4285,Chile,Male,1975,7.8 [3.8-13.4],South America,7.8
4286,Chile,Female,1975,14.2 [8.4-21.3],South America,14.2
4287,Chile,Both sexes,1976,11.5 [7.9-15.9],South America,11.5
4288,Chile,Male,1976,8.1 [4.1-13.7],South America,8.1
4289,Chile,Female,1976,14.6 [8.8-21.5],South America,14.6
4290,Chile,Both sexes,1977,11.9 [8.3-16.2],South America,11.9
4291,Chile,Male,1977,8.4 [4.5-13.9],South America,8.4
4292,Chile,Female,1977,14.9 [9.3-21.8],South America,14.9
4293,Chile,Both sexes,1978,12.3 [8.7-16.5],South America,12.3
4294,Chile,Male,1978,8.8 [4.8-14.2],South America,8.8
4295,Chile,Female,1978,15.3 [9.7-22.0],South America,15.3
4296,Chile,Both sexes,1979,12.6 [9.1-16.8],South America,12.6
4297,Chile,Male,1979,9.1 [5.2-14.5],South America,9.1
4298,Chile,Female,1979,15.7 [10.2-22.2],South America,15.7
4299,Chile,Both sexes,1980,13.0 [9.5-17.1],South America,13.0
4300,Chile,Male,1980,9.5 [5.5-14.7],South America,9.5
4301,Chile,Female,1980,16.1 [10.7-22.4],South America,16.1
4302,Chile,Both sexes,1981,13.4 [9.9-17.3],South America,13.4
4303,Chile,Male,1981,9.8 [5.9-14.9],South America,9.8
4304,Chile,Female,1981,16.5 [11.2-22.6],South America,16.5
4305,Chile,Both sexes,1982,13.7 [10.3-17.6],South America,13.7
4306,Chile,Male,1982,10.2 [6.3-15.2],South America,10.2
4307,Chile,Female,1982,16.9 [11.7-22.9],South America,16.9
4308,Chile,Both sexes,1983,14.1 [10.7-17.9],South America,14.1
4309,Chile,Male,1983,10.5 [6.6-15.4],South America,10.5
4310,Chile,Female,1983,17.3 [12.1-23.2],South America,17.3
4311,Chile,Both sexes,1984,14.5 [11.1-18.2],South America,14.5
4312,Chile,Male,1984,10.9 [7.0-15.7],South America,10.9
4313,Chile,Female,1984,17.7 [12.5-23.4],South America,17.7
4314,Chile,Both sexes,1985,14.8 [11.5-18.5],South America,14.8
4315,Chile,Male,1985,11.2 [7.3-16.0],South America,11.2
4316,Chile,Female,1985,18.0 [13.0-23.6],South America,18.0
4317,Chile,Both sexes,1986,15.2 [11.9-18.8],South America,15.2
4318,Chile,Male,1986,11.6 [7.6-16.3],South America,11.6
4319,Chile,Female,1986,18.4 [13.4-23.9],South America,18.4
4320,Chile,Both sexes,1987,15.6 [12.3-19.1],South America,15.6
4321,Chile,Male,1987,12.0 [8.0-16.7],South America,12.0
4322,Chile,Female,1987,18.8 [13.8-24.2],South America,18.8
4323,Chile,Both sexes,1988,15.9 [12.7-19.5],South America,15.9
4324,Chile,Male,1988,12.3 [8.3-17.0],South America,12.3
4325,Chile,Female,1988,19.1 [14.2-24.6],South America,19.1
4326,Chile,Both sexes,1989,16.3 [13.0-19.8],South America,16.3
4327,Chile,Male,1989,12.7 [8.6-17.4],South America,12.7
4328,Chile,Female,1989,19.5 [14.6-24.9],South America,19.5
4329,Chile,Both sexes,1990,16.6 [13.4-20.2],South America,16.6
4330,Chile,Male,1990,13.0 [9.0-17.7],South America,13.0
4331,Chile,Female,1990,19.8 [15.0-25.2],South America,19.8
4332,Chile,Both sexes,1991,17.0 [13.8-20.5],South America,17.0
4333,Chile,Male,1991,13.4 [9.4-18.1],South America,13.4
4334,Chile,Female,1991,20.2 [15.4-25.5],South America,20.2
4335,Chile,Both sexes,1992,17.3 [14.1-20.8],South America,17.3
4336,Chile,Male,1992,13.8 [9.7-18.5],South America,13.8
4337,Chile,Female,1992,20.5 [15.8-25.8],South America,20.5
4338,Chile,Both sexes,1993,17.7 [14.5-21.2],South America,17.7
4339,Chile,Male,1993,14.2 [10.0-18.9],South America,14.2
4340,Chile,Female,1993,20.9 [16.2-26.1],South America,20.9
4341,Chile,Both sexes,1994,18.1 [14.9-21.6],South America,18.1
4342,Chile,Male,1994,14.6 [10.4-19.3],South America,14.6
4343,Chile,Female,1994,21.3 [16.6-26.4],South America,21.3
4344,Chile,Both sexes,1995,18.5 [15.3-22.0],South America,18.5
4345,Chile,Male,1995,15.0 [10.8-19.7],South America,15.0
4346,Chile,Female,1995,21.7 [17.0-26.8],South America,21.7
4347,Chile,Both sexes,1996,18.9 [15.7-22.4],South America,18.9
4348,Chile,Male,1996,15.4 [11.2-20.1],South America,15.4
4349,Chile,Female,1996,22.1 [17.4-27.2],South America,22.1
4350,Chile,Both sexes,1997,19.3 [16.1-22.8],South America,19.3
4351,Chile,Male,1997,15.8 [11.6-20.5],South America,15.8
4352,Chile,Female,1997,22.5 [17.8-27.6],South America,22.5
4353,Chile,Both sexes,1998,19.7 [16.6-23.2],South America,19.7
4354,Chile,Male,1998,16.2 [12.0-21.0],South America,16.2
4355,Chile,Female,1998,22.9 [18.3-28.0],South America,22.9
4356,Chile,Both sexes,1999,20.2 [17.0-23.6],South America,20.2
4357,Chile,Male,1999,16.7 [12.5-21.5],South America,16.7
4358,Chile,Female,1999,23.3 [18.7-28.3],South America,23.3
4359,Chile,Both sexes,2000,20.6 [17.4-24.0],South America,20.6
4360,Chile,Male,2000,17.1 [12.9-21.9],South America,17.1
4361,Chile,Female,2000,23.8 [19.2-28.8],South America,23.8
4362,Chile,Both sexes,2001,21.0 [17.9-24.4],South America,21.0
4363,Chile,Male,2001,17.6 [13.4-22.3],South America,17.6
4364,Chile,Female,2001,24.2 [19.6-29.2],South America,24.2
4365,Chile,Both sexes,2002,21.5 [18.3-24.9],South America,21.5
4366,Chile,Male,2002,18.0 [13.8-22.9],South America,18.0
4367,Chile,Female,2002,24.7 [20.1-29.5],South America,24.7
4368,Chile,Both sexes,2003,21.9 [18.7-25.3],South America,21.9
4369,Chile,Male,2003,18.5 [14.3-23.3],South America,18.5
4370,Chile,Female,2003,25.1 [20.5-30.0],South America,25.1
4371,Chile,Both sexes,2004,22.4 [19.2-25.8],South America,22.4
4372,Chile,Male,2004,19.0 [14.7-23.8],South America,19.0
4373,Chile,Female,2004,25.5 [20.9-30.5],South America,25.5
4374,Chile,Both sexes,2005,22.8 [19.6-26.3],South America,22.8
4375,Chile,Male,2005,19.4 [15.1-24.3],South America,19.4
4376,Chile,Female,2005,26.0 [21.4-31.0],South America,26.0
4377,Chile,Both sexes,2006,23.3 [20.0-26.7],South America,23.3
4378,Chile,Male,2006,19.9 [15.5-24.8],South America,19.9
4379,Chile,Female,2006,26.4 [21.8-31.5],South America,26.4
4380,Chile,Both sexes,2007,23.7 [20.4-27.3],South America,23.7
4381,Chile,Male,2007,20.4 [15.9-25.4],South America,20.4
4382,Chile,Female,2007,26.9 [22.1-32.0],South America,26.9
4383,Chile,Both sexes,2008,24.2 [20.8-27.8],South America,24.2
4384,Chile,Male,2008,20.9 [16.3-26.0],South America,20.9
4385,Chile,Female,2008,27.3 [22.5-32.5],South America,27.3
4386,Chile,Both sexes,2009,24.7 [21.1-28.3],South America,24.7
4387,Chile,Male,2009,21.3 [16.8-26.6],South America,21.3
4388,Chile,Female,2009,27.8 [22.8-33.2],South America,27.8
4389,Chile,Both sexes,2010,25.1 [21.5-28.9],South America,25.1
4390,Chile,Male,2010,21.8 [17.1-27.2],South America,21.8
4391,Chile,Female,2010,28.2 [23.1-33.8],South America,28.2
4392,Chile,Both sexes,2011,25.6 [21.9-29.5],South America,25.6
4393,Chile,Male,2011,22.3 [17.4-27.9],South America,22.3
4394,Chile,Female,2011,28.7 [23.4-34.4],South America,28.7
4395,Chile,Both sexes,2012,26.1 [22.2-30.1],South America,26.1
4396,Chile,Male,2012,22.8 [17.6-28.6],South America,22.8
4397,Chile,Female,2012,29.1 [23.7-35.0],South America,29.1
4398,Chile,Both sexes,2013,26.5 [22.5-30.8],South America,26.5
4399,Chile,Male,2013,23.3 [17.9-29.3],South America,23.3
4400,Chile,Female,2013,29.6 [23.8-35.8],South America,29.6
4401,Chile,Both sexes,2014,27.0 [22.9-31.5],South America,27.0
4402,Chile,Male,2014,23.8 [18.0-30.0],South America,23.8
4403,Chile,Female,2014,30.0 [24.1-36.5],South America,30.0
4404,Chile,Both sexes,2015,27.5 [23.1-32.2],South America,27.5
4405,Chile,Male,2015,24.4 [18.3-30.9],South America,24.4
4406,Chile,Female,2015,30.5 [24.2-37.2],South America,30.5
4407,Chile,Both sexes,2016,28.0 [23.4-32.9],South America,28.0
4408,Chile,Male,2016,24.9 [18.5-31.7],South America,24.9
4409,Chile,Female,2016,31.0 [24.4-37.9],South America,31.0
4536,Colombia,Both sexes,1975,6.6 [3.9-10.1],South America,6.6
4537,Colombia,Male,1975,3.3 [1.3-6.6],South America,3.3
4538,Colombia,Female,1975,9.6 [5.0-15.8],South America,9.6
4539,Colombia,Both sexes,1976,6.9 [4.2-10.3],South America,6.9
4540,Colombia,Male,1976,3.5 [1.4-6.7],South America,3.5
4541,Colombia,Female,1976,9.9 [5.4-16.0],South America,9.9
4542,Colombia,Both sexes,1977,7.1 [4.5-10.5],South America,7.1
4543,Colombia,Male,1977,3.7 [1.6-6.9],South America,3.7
4544,Colombia,Female,1977,10.3 [5.7-16.1],South America,10.3
4545,Colombia,Both sexes,1978,7.4 [4.8-10.7],South America,7.4
4546,Colombia,Male,1978,3.9 [1.8-7.1],South America,3.9
4547,Colombia,Female,1978,10.7 [6.1-16.3],South America,10.7
4548,Colombia,Both sexes,1979,7.7 [5.1-10.9],South America,7.7
4549,Colombia,Male,1979,4.1 [1.9-7.3],South America,4.1
4550,Colombia,Female,1979,11.0 [6.5-16.5],South America,11.0
4551,Colombia,Both sexes,1980,8.0 [5.4-11.2],South America,8.0
4552,Colombia,Male,1980,4.3 [2.1-7.5],South America,4.3
4553,Colombia,Female,1980,11.4 [6.9-16.8],South America,11.4
4554,Colombia,Both sexes,1981,8.4 [5.7-11.5],South America,8.4
4555,Colombia,Male,1981,4.6 [2.3-7.8],South America,4.6
4556,Colombia,Female,1981,11.8 [7.3-17.1],South America,11.8
4557,Colombia,Both sexes,1982,8.7 [6.1-11.7],South America,8.7
4558,Colombia,Male,1982,4.8 [2.5-8.1],South America,4.8
4559,Colombia,Female,1982,12.2 [7.7-17.4],South America,12.2
4560,Colombia,Both sexes,1983,9.0 [6.4-12.0],South America,9.0
4561,Colombia,Male,1983,5.1 [2.7-8.3],South America,5.1
4562,Colombia,Female,1983,12.5 [8.1-17.7],South America,12.5
4563,Colombia,Both sexes,1984,9.3 [6.8-12.3],South America,9.3
4564,Colombia,Male,1984,5.4 [2.9-8.7],South America,5.4
4565,Colombia,Female,1984,12.9 [8.5-18.0],South America,12.9
4566,Colombia,Both sexes,1985,9.7 [7.1-12.6],South America,9.7
4567,Colombia,Male,1985,5.6 [3.1-9.0],South America,5.6
4568,Colombia,Female,1985,13.4 [9.0-18.3],South America,13.4
4569,Colombia,Both sexes,1986,10.1 [7.4-13.0],South America,10.1
4570,Colombia,Male,1986,5.9 [3.4-9.3],South America,5.9
4571,Colombia,Female,1986,13.8 [9.4-18.7],South America,13.8
4572,Colombia,Both sexes,1987,10.4 [7.8-13.3],South America,10.4
4573,Colombia,Male,1987,6.2 [3.6-9.7],South America,6.2
4574,Colombia,Female,1987,14.2 [9.9-19.0],South America,14.2
4575,Colombia,Both sexes,1988,10.8 [8.2-13.7],South America,10.8
4576,Colombia,Male,1988,6.5 [3.9-10.1],South America,6.5
4577,Colombia,Female,1988,14.6 [10.2-19.3],South America,14.6
4578,Colombia,Both sexes,1989,11.1 [8.5-14.0],South America,11.1
4579,Colombia,Male,1989,6.9 [4.1-10.5],South America,6.9
4580,Colombia,Female,1989,15.0 [10.7-19.6],South America,15.0
4581,Colombia,Both sexes,1990,11.5 [8.9-14.4],South America,11.5
4582,Colombia,Male,1990,7.2 [4.3-10.8],South America,7.2
4583,Colombia,Female,1990,15.4 [11.1-20.0],South America,15.4
4584,Colombia,Both sexes,1991,11.9 [9.2-14.8],South America,11.9
4585,Colombia,Male,1991,7.5 [4.6-11.2],South America,7.5
4586,Colombia,Female,1991,15.8 [11.6-20.4],South America,15.8
4587,Colombia,Both sexes,1992,12.3 [9.5-15.1],South America,12.3
4588,Colombia,Male,1992,7.8 [4.9-11.6],South America,7.8
4589,Colombia,Female,1992,16.2 [12.0-20.8],South America,16.2
4590,Colombia,Both sexes,1993,12.6 [9.9-15.5],South America,12.6
4591,Colombia,Male,1993,8.2 [5.1-11.9],South America,8.2
4592,Colombia,Female,1993,16.6 [12.4-21.2],South America,16.6
4593,Colombia,Both sexes,1994,13.0 [10.3-15.9],South America,13.0
4594,Colombia,Male,1994,8.5 [5.4-12.3],South America,8.5
4595,Colombia,Female,1994,17.0 [12.8-21.6],South America,17.0
4596,Colombia,Both sexes,1995,13.4 [10.7-16.3],South America,13.4
4597,Colombia,Male,1995,8.9 [5.7-12.7],South America,8.9
4598,Colombia,Female,1995,17.4 [13.2-22.0],South America,17.4
4599,Colombia,Both sexes,1996,13.8 [11.0-16.7],South America,13.8
4600,Colombia,Male,1996,9.2 [6.0-13.1],South America,9.2
4601,Colombia,Female,1996,17.9 [13.7-22.3],South America,17.9
4602,Colombia,Both sexes,1997,14.2 [11.4-17.1],South America,14.2
4603,Colombia,Male,1997,9.6 [6.4-13.4],South America,9.6
4604,Colombia,Female,1997,18.3 [14.1-22.7],South America,18.3
4605,Colombia,Both sexes,1998,14.6 [11.8-17.5],South America,14.6
4606,Colombia,Male,1998,9.9 [6.7-13.8],South America,9.9
4607,Colombia,Female,1998,18.7 [14.6-23.1],South America,18.7
4608,Colombia,Both sexes,1999,15.0 [12.2-17.9],South America,15.0
4609,Colombia,Male,1999,10.3 [7.0-14.2],South America,10.3
4610,Colombia,Female,1999,19.1 [15.0-23.4],South America,19.1
4611,Colombia,Both sexes,2000,15.4 [12.6-18.3],South America,15.4
4612,Colombia,Male,2000,10.7 [7.4-14.6],South America,10.7
4613,Colombia,Female,2000,19.5 [15.4-23.8],South America,19.5
4614,Colombia,Both sexes,2001,15.7 [13.0-18.7],South America,15.7
4615,Colombia,Male,2001,11.1 [7.7-15.0],South America,11.1
4616,Colombia,Female,2001,19.9 [15.9-24.2],South America,19.9
4617,Colombia,Both sexes,2002,16.2 [13.4-19.1],South America,16.2
4618,Colombia,Male,2002,11.4 [8.0-15.4],South America,11.4
4619,Colombia,Female,2002,20.4 [16.4-24.6],South America,20.4
4620,Colombia,Both sexes,2003,16.6 [13.8-19.5],South America,16.6
4621,Colombia,Male,2003,11.8 [8.4-15.8],South America,11.8
4622,Colombia,Female,2003,20.8 [16.8-25.0],South America,20.8
4623,Colombia,Both sexes,2004,17.0 [14.3-19.9],South America,17.0
4624,Colombia,Male,2004,12.2 [8.8-16.3],South America,12.2
4625,Colombia,Female,2004,21.2 [17.2-25.4],South America,21.2
4626,Colombia,Both sexes,2005,17.4 [14.7-20.3],South America,17.4
4627,Colombia,Male,2005,12.6 [9.1-16.6],South America,12.6
4628,Colombia,Female,2005,21.6 [17.6-25.8],South America,21.6
4629,Colombia,Both sexes,2006,17.8 [15.1-20.7],South America,17.8
4630,Colombia,Male,2006,13.0 [9.5-17.0],South America,13.0
4631,Colombia,Female,2006,22.1 [18.0-26.3],South America,22.1
4632,Colombia,Both sexes,2007,18.2 [15.4-21.2],South America,18.2
4633,Colombia,Male,2007,13.5 [9.8-17.4],South America,13.5
4634,Colombia,Female,2007,22.5 [18.4-26.7],South America,22.5
4635,Colombia,Both sexes,2008,18.7 [15.8-21.7],South America,18.7
4636,Colombia,Male,2008,13.9 [10.2-18.0],South America,13.9
4637,Colombia,Female,2008,22.9 [18.7-27.3],South America,22.9
4638,Colombia,Both sexes,2009,19.1 [16.2-22.2],South America,19.1
4639,Colombia,Male,2009,14.3 [10.5-18.6],South America,14.3
4640,Colombia,Female,2009,23.4 [19.1-27.8],South America,23.4
4641,Colombia,Both sexes,2010,19.5 [16.6-22.7],South America,19.5
4642,Colombia,Male,2010,14.7 [10.8-19.1],South America,14.7
4643,Colombia,Female,2010,23.8 [19.4-28.3],South America,23.8
4644,Colombia,Both sexes,2011,20.0 [16.9-23.3],South America,20.0
4645,Colombia,Male,2011,15.2 [11.1-19.7],South America,15.2
4646,Colombia,Female,2011,24.3 [19.7-29.0],South America,24.3
4647,Colombia,Both sexes,2012,20.4 [17.2-23.8],South America,20.4
4648,Colombia,Male,2012,15.6 [11.4-20.4],South America,15.6
4649,Colombia,Female,2012,24.7 [20.0-29.6],South America,24.7
4650,Colombia,Both sexes,2013,20.9 [17.5-24.4],South America,20.9
4651,Colombia,Male,2013,16.1 [11.6-21.0],South America,16.1
4652,Colombia,Female,2013,25.2 [20.3-30.2],South America,25.2
4653,Colombia,Both sexes,2014,21.4 [17.9-25.1],South America,21.4
4654,Colombia,Male,2014,16.6 [11.9-21.8],South America,16.6
4655,Colombia,Female,2014,25.7 [20.6-30.9],South America,25.7
4656,Colombia,Both sexes,2015,21.9 [18.2-25.8],South America,21.9
4657,Colombia,Male,2015,17.1 [12.1-22.5],South America,17.1
4658,Colombia,Female,2015,26.1 [20.8-31.6],South America,26.1
4659,Colombia,Both sexes,2016,22.3 [18.5-26.5],South America,22.3
4660,Colombia,Male,2016,17.6 [12.4-23.3],South America,17.6
4661,Colombia,Female,2016,26.6 [21.0-32.5],South America,26.6
6552,Ecuador,Both sexes,1975,5.0 [2.5-8.6],South America,5.0
6553,Ecuador,Male,1975,2.4 [0.7-5.5],South America,2.4
6554,Ecuador,Female,1975,7.5 [3.1-14.1],South America,7.5
6555,Ecuador,Both sexes,1976,5.2 [2.7-8.8],South America,5.2
6556,Ecuador,Male,1976,2.5 [0.8-5.6],South America,2.5
6557,Ecuador,Female,1976,7.8 [3.4-14.3],South America,7.8
6558,Ecuador,Both sexes,1977,5.4 [2.9-8.9],South America,5.4
6559,Ecuador,Male,1977,2.7 [0.9-5.8],South America,2.7
6560,Ecuador,Female,1977,8.1 [3.6-14.4],South America,8.1
6561,Ecuador,Both sexes,1978,5.7 [3.1-9.1],South America,5.7
6562,Ecuador,Male,1978,2.8 [1.0-6.0],South America,2.8
6563,Ecuador,Female,1978,8.4 [3.9-14.7],South America,8.4
6564,Ecuador,Both sexes,1979,5.9 [3.4-9.3],South America,5.9
6565,Ecuador,Male,1979,3.0 [1.1-6.2],South America,3.0
6566,Ecuador,Female,1979,8.8 [4.2-15.1],South America,8.8
6567,Ecuador,Both sexes,1980,6.2 [3.6-9.6],South America,6.2
6568,Ecuador,Male,1980,3.2 [1.2-6.5],South America,3.2
6569,Ecuador,Female,1980,9.1 [4.5-15.4],South America,9.1
6570,Ecuador,Both sexes,1981,6.5 [3.8-9.9],South America,6.5
6571,Ecuador,Male,1981,3.4 [1.4-6.7],South America,3.4
6572,Ecuador,Female,1981,9.5 [4.9-15.7],South America,9.5
6573,Ecuador,Both sexes,1982,6.8 [4.1-10.2],South America,6.8
6574,Ecuador,Male,1982,3.6 [1.5-7.0],South America,3.6
6575,Ecuador,Female,1982,9.9 [5.2-16.1],South America,9.9
6576,Ecuador,Both sexes,1983,7.1 [4.4-10.5],South America,7.1
6577,Ecuador,Male,1983,3.8 [1.6-7.3],South America,3.8
6578,Ecuador,Female,1983,10.2 [5.6-16.4],South America,10.2
6579,Ecuador,Both sexes,1984,7.4 [4.7-10.8],South America,7.4
6580,Ecuador,Male,1984,4.0 [1.8-7.6],South America,4.0
6581,Ecuador,Female,1984,10.6 [5.9-16.7],South America,10.6
6582,Ecuador,Both sexes,1985,7.7 [5.0-11.2],South America,7.7
6583,Ecuador,Male,1985,4.3 [1.9-7.9],South America,4.3
6584,Ecuador,Female,1985,11.1 [6.2-17.1],South America,11.1
6585,Ecuador,Both sexes,1986,8.1 [5.2-11.5],South America,8.1
6586,Ecuador,Male,1986,4.5 [2.0-8.3],South America,4.5
6587,Ecuador,Female,1986,11.5 [6.6-17.5],South America,11.5
6588,Ecuador,Both sexes,1987,8.4 [5.5-11.9],South America,8.4
6589,Ecuador,Male,1987,4.8 [2.2-8.7],South America,4.8
6590,Ecuador,Female,1987,11.9 [7.0-17.9],South America,11.9
6591,Ecuador,Both sexes,1988,8.7 [5.8-12.3],South America,8.7
6592,Ecuador,Male,1988,5.1 [2.4-9.0],South America,5.1
6593,Ecuador,Female,1988,12.3 [7.4-18.3],South America,12.3
6594,Ecuador,Both sexes,1989,9.1 [6.2-12.6],South America,9.1
6595,Ecuador,Male,1989,5.3 [2.5-9.4],South America,5.3
6596,Ecuador,Female,1989,12.7 [7.7-18.8],South America,12.7
6597,Ecuador,Both sexes,1990,9.5 [6.5-13.0],South America,9.5
6598,Ecuador,Male,1990,5.6 [2.7-9.8],South America,5.6
6599,Ecuador,Female,1990,13.2 [8.1-19.2],South America,13.2
6600,Ecuador,Both sexes,1991,9.8 [6.8-13.4],South America,9.8
6601,Ecuador,Male,1991,5.9 [2.9-10.2],South America,5.9
6602,Ecuador,Female,1991,13.6 [8.5-19.6],South America,13.6
6603,Ecuador,Both sexes,1992,10.2 [7.1-13.8],South America,10.2
6604,Ecuador,Male,1992,6.2 [3.1-10.7],South America,6.2
6605,Ecuador,Female,1992,14.0 [8.8-20.0],South America,14.0
6606,Ecuador,Both sexes,1993,10.6 [7.4-14.2],South America,10.6
6607,Ecuador,Male,1993,6.5 [3.3-11.0],South America,6.5
6608,Ecuador,Female,1993,14.5 [9.2-20.5],South America,14.5
6609,Ecuador,Both sexes,1994,10.9 [7.8-14.6],South America,10.9
6610,Ecuador,Male,1994,6.8 [3.5-11.5],South America,6.8
6611,Ecuador,Female,1994,14.9 [9.6-21.0],South America,14.9
6612,Ecuador,Both sexes,1995,11.3 [8.1-15.0],South America,11.3
6613,Ecuador,Male,1995,7.1 [3.8-11.8],South America,7.1
6614,Ecuador,Female,1995,15.3 [10.0-21.3],South America,15.3
6615,Ecuador,Both sexes,1996,11.7 [8.4-15.4],South America,11.7
6616,Ecuador,Male,1996,7.4 [4.0-12.2],South America,7.4
6617,Ecuador,Female,1996,15.8 [10.4-21.7],South America,15.8
6618,Ecuador,Both sexes,1997,12.0 [8.8-15.9],South America,12.0
6619,Ecuador,Male,1997,7.8 [4.2-12.6],South America,7.8
6620,Ecuador,Female,1997,16.2 [10.8-22.1],South America,16.2
6621,Ecuador,Both sexes,1998,12.4 [9.1-16.3],South America,12.4
6622,Ecuador,Male,1998,8.1 [4.4-13.0],South America,8.1
6623,Ecuador,Female,1998,16.6 [11.2-22.5],South America,16.6
6624,Ecuador,Both sexes,1999,12.8 [9.5-16.7],South America,12.8
6625,Ecuador,Male,1999,8.4 [4.7-13.4],South America,8.4
6626,Ecuador,Female,1999,17.1 [11.7-23.0],South America,17.1
6627,Ecuador,Both sexes,2000,13.2 [9.8-17.1],South America,13.2
6628,Ecuador,Male,2000,8.8 [4.9-13.9],South America,8.8
6629,Ecuador,Female,2000,17.5 [12.1-23.4],South America,17.5
6630,Ecuador,Both sexes,2001,13.6 [10.2-17.5],South America,13.6
6631,Ecuador,Male,2001,9.1 [5.2-14.3],South America,9.1
6632,Ecuador,Female,2001,18.0 [12.5-23.9],South America,18.0
6633,Ecuador,Both sexes,2002,14.0 [10.6-17.9],South America,14.0
6634,Ecuador,Male,2002,9.5 [5.5-14.6],South America,9.5
6635,Ecuador,Female,2002,18.4 [12.9-24.3],South America,18.4
6636,Ecuador,Both sexes,2003,14.4 [11.0-18.3],South America,14.4
6637,Ecuador,Male,2003,9.8 [5.8-15.0],South America,9.8
6638,Ecuador,Female,2003,18.8 [13.4-24.8],South America,18.8
6639,Ecuador,Both sexes,2004,14.8 [11.4-18.7],South America,14.8
6640,Ecuador,Male,2004,10.2 [6.0-15.4],South America,10.2
6641,Ecuador,Female,2004,19.3 [13.8-25.3],South America,19.3
6642,Ecuador,Both sexes,2005,15.2 [11.7-19.1],South America,15.2
6643,Ecuador,Male,2005,10.5 [6.3-15.8],South America,10.5
6644,Ecuador,Female,2005,19.7 [14.2-25.7],South America,19.7
6645,Ecuador,Both sexes,2006,15.6 [12.1-19.5],South America,15.6
6646,Ecuador,Male,2006,10.9 [6.6-16.2],South America,10.9
6647,Ecuador,Female,2006,20.2 [14.6-26.2],South America,20.2
6648,Ecuador,Both sexes,2007,16.0 [12.5-20.0],South America,16.0
6649,Ecuador,Male,2007,11.2 [6.8-16.6],South America,11.2
6650,Ecuador,Female,2007,20.6 [15.0-26.7],South America,20.6
6651,Ecuador,Both sexes,2008,16.4 [12.8-20.4],South America,16.4
6652,Ecuador,Male,2008,11.6 [7.1-17.2],South America,11.6
6653,Ecuador,Female,2008,21.0 [15.4-27.2],South America,21.0
6654,Ecuador,Both sexes,2009,16.8 [13.2-20.9],South America,16.8
6655,Ecuador,Male,2009,12.0 [7.4-17.6],South America,12.0
6656,Ecuador,Female,2009,21.5 [15.8-27.7],South America,21.5
6657,Ecuador,Both sexes,2010,17.2 [13.5-21.4],South America,17.2
6658,Ecuador,Male,2010,12.4 [7.7-18.1],South America,12.4
6659,Ecuador,Female,2010,21.9 [16.1-28.2],South America,21.9
6660,Ecuador,Both sexes,2011,17.6 [13.8-21.9],South America,17.6
6661,Ecuador,Male,2011,12.7 [8.0-18.6],South America,12.7
6662,Ecuador,Female,2011,22.4 [16.5-28.8],South America,22.4
6663,Ecuador,Both sexes,2012,18.1 [14.2-22.5],South America,18.1
6664,Ecuador,Male,2012,13.2 [8.2-19.1],South America,13.2
6665,Ecuador,Female,2012,22.8 [16.8-29.5],South America,22.8
6666,Ecuador,Both sexes,2013,18.5 [14.5-23.0],South America,18.5
6667,Ecuador,Male,2013,13.6 [8.5-19.7],South America,13.6
6668,Ecuador,Female,2013,23.3 [17.1-30.2],South America,23.3
6669,Ecuador,Both sexes,2014,19.0 [14.7-23.7],South America,19.0
6670,Ecuador,Male,2014,14.0 [8.8-20.3],South America,14.0
6671,Ecuador,Female,2014,23.7 [17.4-30.8],South America,23.7
6672,Ecuador,Both sexes,2015,19.4 [15.0-24.3],South America,19.4
6673,Ecuador,Male,2015,14.4 [9.0-21.1],South America,14.4
6674,Ecuador,Female,2015,24.2 [17.6-31.4],South America,24.2
6675,Ecuador,Both sexes,2016,19.9 [15.4-25.0],South America,19.9
6676,Ecuador,Male,2016,14.9 [9.2-21.8],South America,14.9
6677,Ecuador,Female,2016,24.7 [17.8-32.2],South America,24.7
9198,Guyana,Both sexes,1975,5.1 [2.7-8.4],South America,5.1
9199,Guyana,Male,1975,2.0 [0.7-4.6],South America,2.0
9200,Guyana,Female,1975,8.1 [3.7-14.4],South America,8.1
9201,Guyana,Both sexes,1976,5.3 [2.9-8.6],South America,5.3
9202,Guyana,Male,1976,2.1 [0.7-4.7],South America,2.1
9203,Guyana,Female,1976,8.4 [4.0-14.6],South America,8.4
9204,Guyana,Both sexes,1977,5.5 [3.1-8.8],South America,5.5
9205,Guyana,Male,1977,2.2 [0.8-4.8],South America,2.2
9206,Guyana,Female,1977,8.7 [4.2-14.8],South America,8.7
9207,Guyana,Both sexes,1978,5.7 [3.3-8.9],South America,5.7
9208,Guyana,Male,1978,2.3 [0.8-4.9],South America,2.3
9209,Guyana,Female,1978,9.0 [4.5-15.0],South America,9.0
9210,Guyana,Both sexes,1979,5.9 [3.5-9.1],South America,5.9
9211,Guyana,Male,1979,2.5 [0.9-5.1],South America,2.5
9212,Guyana,Female,1979,9.3 [4.8-15.2],South America,9.3
9213,Guyana,Both sexes,1980,6.2 [3.7-9.3],South America,6.2
9214,Guyana,Male,1980,2.6 [1.0-5.2],South America,2.6
9215,Guyana,Female,1980,9.6 [5.1-15.6],South America,9.6
9216,Guyana,Both sexes,1981,6.4 [3.9-9.6],South America,6.4
9217,Guyana,Male,1981,2.7 [1.1-5.4],South America,2.7
9218,Guyana,Female,1981,9.9 [5.4-15.9],South America,9.9
9219,Guyana,Both sexes,1982,6.6 [4.1-9.8],South America,6.6
9220,Guyana,Male,1982,2.8 [1.2-5.5],South America,2.8
9221,Guyana,Female,1982,10.3 [5.7-16.1],South America,10.3
9222,Guyana,Both sexes,1983,6.8 [4.3-10.1],South America,6.8
9223,Guyana,Male,1983,3.0 [1.3-5.7],South America,3.0
9224,Guyana,Female,1983,10.6 [6.0-16.4],South America,10.6
9225,Guyana,Both sexes,1984,7.1 [4.5-10.3],South America,7.1
9226,Guyana,Male,1984,3.1 [1.3-5.9],South America,3.1
9227,Guyana,Female,1984,10.9 [6.3-16.8],South America,10.9
9228,Guyana,Both sexes,1985,7.3 [4.7-10.5],South America,7.3
9229,Guyana,Male,1985,3.2 [1.4-6.1],South America,3.2
9230,Guyana,Female,1985,11.3 [6.6-17.2],South America,11.3
9231,Guyana,Both sexes,1986,7.6 [5.0-10.8],South America,7.6
9232,Guyana,Male,1986,3.4 [1.5-6.3],South America,3.4
9233,Guyana,Female,1986,11.6 [6.9-17.5],South America,11.6
9234,Guyana,Both sexes,1987,7.9 [5.2-11.1],South America,7.9
9235,Guyana,Male,1987,3.6 [1.6-6.5],South America,3.6
9236,Guyana,Female,1987,12.0 [7.2-17.9],South America,12.0
9237,Guyana,Both sexes,1988,8.1 [5.4-11.5],South America,8.1
9238,Guyana,Male,1988,3.7 [1.7-6.8],South America,3.7
9239,Guyana,Female,1988,12.3 [7.5-18.2],South America,12.3
9240,Guyana,Both sexes,1989,8.4 [5.7-11.8],South America,8.4
9241,Guyana,Male,1989,3.9 [1.9-7.1],South America,3.9
9242,Guyana,Female,1989,12.7 [7.9-18.7],South America,12.7
9243,Guyana,Both sexes,1990,8.7 [5.9-12.1],South America,8.7
9244,Guyana,Male,1990,4.1 [2.0-7.3],South America,4.1
9245,Guyana,Female,1990,13.1 [8.2-19.1],South America,13.1
9246,Guyana,Both sexes,1991,8.9 [6.2-12.4],South America,8.9
9247,Guyana,Male,1991,4.2 [2.1-7.6],South America,4.2
9248,Guyana,Female,1991,13.5 [8.5-19.5],South America,13.5
9249,Guyana,Both sexes,1992,9.2 [6.4-12.7],South America,9.2
9250,Guyana,Male,1992,4.4 [2.2-7.8],South America,4.4
9251,Guyana,Female,1992,13.9 [8.9-19.9],South America,13.9
9252,Guyana,Both sexes,1993,9.4 [6.6-12.9],South America,9.4
9253,Guyana,Male,1993,4.6 [2.3-8.1],South America,4.6
9254,Guyana,Female,1993,14.3 [9.2-20.4],South America,14.3
9255,Guyana,Both sexes,1994,9.7 [6.8-13.2],South America,9.7
9256,Guyana,Male,1994,4.9 [2.5-8.4],South America,4.9
9257,Guyana,Female,1994,14.7 [9.6-20.9],South America,14.7
9258,Guyana,Both sexes,1995,10.0 [7.1-13.5],South America,10.0
9259,Guyana,Male,1995,5.1 [2.6-8.7],South America,5.1
9260,Guyana,Female,1995,15.2 [10.0-21.3],South America,15.2
9261,Guyana,Both sexes,1996,10.4 [7.4-13.8],South America,10.4
9262,Guyana,Male,1996,5.3 [2.8-9.0],South America,5.3
9263,Guyana,Female,1996,15.6 [10.5-21.8],South America,15.6
9264,Guyana,Both sexes,1997,10.7 [7.7-14.3],South America,10.7
9265,Guyana,Male,1997,5.5 [2.9-9.4],South America,5.5
9266,Guyana,Female,1997,16.1 [10.8-22.2],South America,16.1
9267,Guyana,Both sexes,1998,11.1 [8.0-14.7],South America,11.1
9268,Guyana,Male,1998,5.8 [3.1-9.7],South America,5.8
9269,Guyana,Female,1998,16.6 [11.2-22.8],South America,16.6
9270,Guyana,Both sexes,1999,11.5 [8.4-15.2],South America,11.5
9271,Guyana,Male,1999,6.1 [3.3-10.0],South America,6.1
9272,Guyana,Female,1999,17.0 [11.6-23.3],South America,17.0
9273,Guyana,Both sexes,2000,11.9 [8.7-15.6],South America,11.9
9274,Guyana,Male,2000,6.3 [3.5-10.4],South America,6.3
9275,Guyana,Female,2000,17.5 [12.1-23.9],South America,17.5
9276,Guyana,Both sexes,2001,12.4 [9.1-16.1],South America,12.4
9277,Guyana,Male,2001,6.6 [3.7-10.7],South America,6.6
9278,Guyana,Female,2001,18.1 [12.6-24.4],South America,18.1
9279,Guyana,Both sexes,2002,12.8 [9.5-16.6],South America,12.8
9280,Guyana,Male,2002,6.9 [3.9-11.1],South America,6.9
9281,Guyana,Female,2002,18.6 [13.0-25.0],South America,18.6
9282,Guyana,Both sexes,2003,13.3 [9.9-17.1],South America,13.3
9283,Guyana,Male,2003,7.2 [4.1-11.4],South America,7.2
9284,Guyana,Female,2003,19.1 [13.4-25.5],South America,19.1
9285,Guyana,Both sexes,2004,13.8 [10.3-17.7],South America,13.8
9286,Guyana,Male,2004,7.5 [4.3-11.8],South America,7.5
9287,Guyana,Female,2004,19.6 [13.9-26.1],South America,19.6
9288,Guyana,Both sexes,2005,14.3 [10.7-18.2],South America,14.3
9289,Guyana,Male,2005,7.9 [4.5-12.3],South America,7.9
9290,Guyana,Female,2005,20.2 [14.4-26.7],South America,20.2
9291,Guyana,Both sexes,2006,14.8 [11.1-18.8],South America,14.8
9292,Guyana,Male,2006,8.2 [4.8-12.7],South America,8.2
9293,Guyana,Female,2006,20.8 [14.9-27.4],South America,20.8
9294,Guyana,Both sexes,2007,15.3 [11.5-19.5],South America,15.3
9295,Guyana,Male,2007,8.6 [5.0-13.2],South America,8.6
9296,Guyana,Female,2007,21.3 [15.3-28.1],South America,21.3
9297,Guyana,Both sexes,2008,15.8 [12.0-20.1],South America,15.8
9298,Guyana,Male,2008,9.0 [5.3-13.7],South America,9.0
9299,Guyana,Female,2008,21.9 [15.8-28.8],South America,21.9
9300,Guyana,Both sexes,2009,16.3 [12.4-20.7],South America,16.3
9301,Guyana,Male,2009,9.4 [5.5-14.3],South America,9.4
9302,Guyana,Female,2009,22.5 [16.3-29.4],South America,22.5
9303,Guyana,Both sexes,2010,16.8 [12.8-21.3],South America,16.8
9304,Guyana,Male,2010,9.8 [5.8-14.9],South America,9.8
9305,Guyana,Female,2010,23.1 [16.7-30.1],South America,23.1
9306,Guyana,Both sexes,2011,17.4 [13.3-22.0],South America,17.4
9307,Guyana,Male,2011,10.2 [6.1-15.5],South America,10.2
9308,Guyana,Female,2011,23.8 [17.1-31.0],South America,23.8
9309,Guyana,Both sexes,2012,17.9 [13.7-22.6],South America,17.9
9310,Guyana,Male,2012,10.6 [6.3-16.2],South America,10.6
9311,Guyana,Female,2012,24.4 [17.6-31.9],South America,24.4
9312,Guyana,Both sexes,2013,18.4 [14.1-23.3],South America,18.4
9313,Guyana,Male,2013,11.1 [6.6-16.9],South America,11.1
9314,Guyana,Female,2013,25.1 [18.1-32.6],South America,25.1
9315,Guyana,Both sexes,2014,19.0 [14.5-23.9],South America,19.0
9316,Guyana,Male,2014,11.6 [6.8-17.6],South America,11.6
9317,Guyana,Female,2014,25.7 [18.5-33.5],South America,25.7
9318,Guyana,Both sexes,2015,19.6 [14.9-24.7],South America,19.6
9319,Guyana,Male,2015,12.1 [7.1-18.5],South America,12.1
9320,Guyana,Female,2015,26.4 [19.0-34.4],South America,26.4
9321,Guyana,Both sexes,2016,20.2 [15.3-25.6],South America,20.2
9322,Guyana,Male,2016,12.7 [7.4-19.5],South America,12.7
9323,Guyana,Female,2016,27.1 [19.3-35.4],South America,27.1
16758,Paraguay,Both sexes,1975,4.2 [2.1-7.3],South America,4.2
16759,Paraguay,Male,1975,2.6 [0.8-5.9],South America,2.6
16760,Paraguay,Female,1975,5.6 [2.2-10.9],South America,5.6
16761,Paraguay,Both sexes,1976,4.3 [2.2-7.4],South America,4.3
16762,Paraguay,Male,1976,2.8 [0.9-6.1],South America,2.8
16763,Paraguay,Female,1976,5.8 [2.4-11.1],South America,5.8
16764,Paraguay,Both sexes,1977,4.5 [2.4-7.6],South America,4.5
16765,Paraguay,Male,1977,2.9 [1.0-6.2],South America,2.9
16766,Paraguay,Female,1977,6.0 [2.6-11.3],South America,6.0
16767,Paraguay,Both sexes,1978,4.7 [2.5-7.7],South America,4.7
16768,Paraguay,Male,1978,3.1 [1.1-6.3],South America,3.1
16769,Paraguay,Female,1978,6.3 [2.8-11.5],South America,6.3
16770,Paraguay,Both sexes,1979,4.9 [2.7-7.9],South America,4.9
16771,Paraguay,Male,1979,3.2 [1.2-6.6],South America,3.2
16772,Paraguay,Female,1979,6.5 [3.0-11.8],South America,6.5
16773,Paraguay,Both sexes,1980,5.2 [2.9-8.2],South America,5.2
16774,Paraguay,Male,1980,3.4 [1.3-6.9],South America,3.4
16775,Paraguay,Female,1980,6.8 [3.2-12.0],South America,6.8
16776,Paraguay,Both sexes,1981,5.4 [3.1-8.4],South America,5.4
16777,Paraguay,Male,1981,3.6 [1.4-7.1],South America,3.6
16778,Paraguay,Female,1981,7.1 [3.4-12.3],South America,7.1
16779,Paraguay,Both sexes,1982,5.6 [3.3-8.7],South America,5.6
16780,Paraguay,Male,1982,3.8 [1.5-7.4],South America,3.8
16781,Paraguay,Female,1982,7.4 [3.6-12.6],South America,7.4
16782,Paraguay,Both sexes,1983,5.9 [3.5-9.0],South America,5.9
16783,Paraguay,Male,1983,4.0 [1.7-7.6],South America,4.0
16784,Paraguay,Female,1983,7.7 [3.9-12.9],South America,7.7
16785,Paraguay,Both sexes,1984,6.2 [3.8-9.3],South America,6.2
16786,Paraguay,Male,1984,4.2 [1.8-7.9],South America,4.2
16787,Paraguay,Female,1984,8.1 [4.1-13.4],South America,8.1
16788,Paraguay,Both sexes,1985,6.5 [4.0-9.6],South America,6.5
16789,Paraguay,Male,1985,4.5 [2.0-8.3],South America,4.5
16790,Paraguay,Female,1985,8.4 [4.4-13.8],South America,8.4
16791,Paraguay,Both sexes,1986,6.8 [4.2-10.0],South America,6.8
16792,Paraguay,Male,1986,4.7 [2.1-8.6],South America,4.7
16793,Paraguay,Female,1986,8.8 [4.7-14.2],South America,8.8
16794,Paraguay,Both sexes,1987,7.1 [4.5-10.4],South America,7.1
16795,Paraguay,Male,1987,5.0 [2.3-9.0],South America,5.0
16796,Paraguay,Female,1987,9.1 [5.0-14.7],South America,9.1
16797,Paraguay,Both sexes,1988,7.4 [4.8-10.7],South America,7.4
16798,Paraguay,Male,1988,5.3 [2.4-9.4],South America,5.3
16799,Paraguay,Female,1988,9.5 [5.3-15.2],South America,9.5
16800,Paraguay,Both sexes,1989,7.8 [5.0-11.1],South America,7.8
16801,Paraguay,Male,1989,5.6 [2.6-9.8],South America,5.6
16802,Paraguay,Female,1989,9.9 [5.6-15.6],South America,9.9
16803,Paraguay,Both sexes,1990,8.1 [5.3-11.5],South America,8.1
16804,Paraguay,Male,1990,5.9 [2.8-10.3],South America,5.9
16805,Paraguay,Female,1990,10.4 [5.9-16.1],South America,10.4
16806,Paraguay,Both sexes,1991,8.5 [5.6-12.0],South America,8.5
16807,Paraguay,Male,1991,6.2 [3.0-10.7],South America,6.2
16808,Paraguay,Female,1991,10.8 [6.3-16.6],South America,10.8
16809,Paraguay,Both sexes,1992,8.9 [5.9-12.4],South America,8.9
16810,Paraguay,Male,1992,6.5 [3.2-11.2],South America,6.5
16811,Paraguay,Female,1992,11.2 [6.6-17.1],South America,11.2
16812,Paraguay,Both sexes,1993,9.3 [6.3-12.9],South America,9.3
16813,Paraguay,Male,1993,6.9 [3.5-11.7],South America,6.9
16814,Paraguay,Female,1993,11.7 [7.0-17.6],South America,11.7
16815,Paraguay,Both sexes,1994,9.7 [6.6-13.3],South America,9.7
16816,Paraguay,Male,1994,7.2 [3.7-12.1],South America,7.2
16817,Paraguay,Female,1994,12.1 [7.4-18.1],South America,12.1
16818,Paraguay,Both sexes,1995,10.1 [6.9-13.8],South America,10.1
16819,Paraguay,Male,1995,7.6 [4.0-12.7],South America,7.6
16820,Paraguay,Female,1995,12.6 [7.7-18.6],South America,12.6
16821,Paraguay,Both sexes,1996,10.5 [7.3-14.2],South America,10.5
16822,Paraguay,Male,1996,8.0 [4.2-13.2],South America,8.0
16823,Paraguay,Female,1996,13.1 [8.1-19.1],South America,13.1
16824,Paraguay,Both sexes,1997,11.0 [7.7-14.7],South America,11.0
16825,Paraguay,Male,1997,8.4 [4.5-13.7],South America,8.4
16826,Paraguay,Female,1997,13.6 [8.5-19.6],South America,13.6
16827,Paraguay,Both sexes,1998,11.4 [8.1-15.2],South America,11.4
16828,Paraguay,Male,1998,8.8 [4.7-14.2],South America,8.8
16829,Paraguay,Female,1998,14.1 [8.9-20.2],South America,14.1
16830,Paraguay,Both sexes,1999,11.9 [8.4-15.8],South America,11.9
16831,Paraguay,Male,1999,9.2 [5.0-14.7],South America,9.2
16832,Paraguay,Female,1999,14.6 [9.3-20.8],South America,14.6
16833,Paraguay,Both sexes,2000,12.3 [8.8-16.3],South America,12.3
16834,Paraguay,Male,2000,9.6 [5.3-15.3],South America,9.6
16835,Paraguay,Female,2000,15.1 [9.7-21.4],South America,15.1
16836,Paraguay,Both sexes,2001,12.8 [9.2-16.8],South America,12.8
16837,Paraguay,Male,2001,10.0 [5.6-15.8],South America,10.0
16838,Paraguay,Female,2001,15.6 [10.1-21.9],South America,15.6
16839,Paraguay,Both sexes,2002,13.3 [9.6-17.3],South America,13.3
16840,Paraguay,Male,2002,10.5 [6.0-16.4],South America,10.5
16841,Paraguay,Female,2002,16.1 [10.5-22.5],South America,16.1
16842,Paraguay,Both sexes,2003,13.8 [10.0-17.9],South America,13.8
16843,Paraguay,Male,2003,10.9 [6.3-16.9],South America,10.9
16844,Paraguay,Female,2003,16.6 [11.0-23.0],South America,16.6
16845,Paraguay,Both sexes,2004,14.2 [10.4-18.5],South America,14.2
16846,Paraguay,Male,2004,11.3 [6.6-17.4],South America,11.3
16847,Paraguay,Female,2004,17.1 [11.4-23.6],South America,17.1
16848,Paraguay,Both sexes,2005,14.7 [10.8-19.0],South America,14.7
16849,Paraguay,Male,2005,11.8 [7.0-18.0],South America,11.8
16850,Paraguay,Female,2005,17.6 [11.8-24.2],South America,17.6
16851,Paraguay,Both sexes,2006,15.2 [11.2-19.6],South America,15.2
16852,Paraguay,Male,2006,12.3 [7.3-18.5],South America,12.3
16853,Paraguay,Female,2006,18.2 [12.2-24.8],South America,18.2
16854,Paraguay,Both sexes,2007,15.7 [11.6-20.2],South America,15.7
16855,Paraguay,Male,2007,12.7 [7.6-19.0],South America,12.7
16856,Paraguay,Female,2007,18.7 [12.6-25.4],South America,18.7
16857,Paraguay,Both sexes,2008,16.2 [12.0-20.8],South America,16.2
16858,Paraguay,Male,2008,13.2 [7.9-19.6],South America,13.2
16859,Paraguay,Female,2008,19.2 [13.0-26.0],South America,19.2
16860,Paraguay,Both sexes,2009,16.7 [12.4-21.4],South America,16.7
16861,Paraguay,Male,2009,13.6 [8.3-20.1],South America,13.6
16862,Paraguay,Female,2009,19.7 [13.3-26.8],South America,19.7
16863,Paraguay,Both sexes,2010,17.2 [12.8-22.0],South America,17.2
16864,Paraguay,Male,2010,14.1 [8.7-20.8],South America,14.1
16865,Paraguay,Female,2010,20.2 [13.7-27.5],South America,20.2
16866,Paraguay,Both sexes,2011,17.7 [13.2-22.7],South America,17.7
16867,Paraguay,Male,2011,14.6 [9.1-21.5],South America,14.6
16868,Paraguay,Female,2011,20.7 [14.1-28.2],South America,20.7
16869,Paraguay,Both sexes,2012,18.2 [13.6-23.3],South America,18.2
16870,Paraguay,Male,2012,15.1 [9.3-22.1],South America,15.1
16871,Paraguay,Female,2012,21.3 [14.4-29.0],South America,21.3
16872,Paraguay,Both sexes,2013,18.7 [14.0-24.0],South America,18.7
16873,Paraguay,Male,2013,15.6 [9.6-22.8],South America,15.6
16874,Paraguay,Female,2013,21.8 [14.8-29.8],South America,21.8
16875,Paraguay,Both sexes,2014,19.2 [14.3-24.7],South America,19.2
16876,Paraguay,Male,2014,16.1 [9.9-23.7],South America,16.1
16877,Paraguay,Female,2014,22.3 [15.1-30.6],South America,22.3
16878,Paraguay,Both sexes,2015,19.8 [14.7-25.4],South America,19.8
16879,Paraguay,Male,2015,16.6 [10.2-24.6],South America,16.6
16880,Paraguay,Female,2015,22.9 [15.4-31.3],South America,22.9
16881,Paraguay,Both sexes,2016,20.3 [15.0-26.2],South America,20.3
16882,Paraguay,Male,2016,17.1 [10.5-25.4],South America,17.1
16883,Paraguay,Female,2016,23.4 [15.7-32.2],South America,23.4
16884,Peru,Both sexes,1975,6.3 [3.7-9.8],South America,6.3
16885,Peru,Male,1975,3.2 [1.2-6.6],South America,3.2
16886,Peru,Female,1975,9.3 [4.7-15.6],South America,9.3
16887,Peru,Both sexes,1976,6.6 [3.9-9.9],South America,6.6
16888,Peru,Male,1976,3.4 [1.4-6.7],South America,3.4
16889,Peru,Female,1976,9.6 [5.1-15.7],South America,9.6
16890,Peru,Both sexes,1977,6.8 [4.2-10.1],South America,6.8
16891,Peru,Male,1977,3.5 [1.5-6.9],South America,3.5
16892,Peru,Female,1977,10.0 [5.4-16.0],South America,10.0
16893,Peru,Both sexes,1978,7.1 [4.5-10.3],South America,7.1
16894,Peru,Male,1978,3.7 [1.7-7.1],South America,3.7
16895,Peru,Female,1978,10.3 [5.8-16.2],South America,10.3
16896,Peru,Both sexes,1979,7.3 [4.7-10.5],South America,7.3
16897,Peru,Male,1979,3.9 [1.8-7.2],South America,3.9
16898,Peru,Female,1979,10.6 [6.1-16.5],South America,10.6
16899,Peru,Both sexes,1980,7.6 [5.0-10.8],South America,7.6
16900,Peru,Male,1980,4.1 [2.0-7.4],South America,4.1
16901,Peru,Female,1980,10.9 [6.5-16.6],South America,10.9
16902,Peru,Both sexes,1981,7.9 [5.3-11.0],South America,7.9
16903,Peru,Male,1981,4.3 [2.1-7.6],South America,4.3
16904,Peru,Female,1981,11.3 [6.8-16.9],South America,11.3
16905,Peru,Both sexes,1982,8.1 [5.6-11.2],South America,8.1
16906,Peru,Male,1982,4.5 [2.3-7.8],South America,4.5
16907,Peru,Female,1982,11.6 [7.2-17.1],South America,11.6
16908,Peru,Both sexes,1983,8.4 [5.8-11.5],South America,8.4
16909,Peru,Male,1983,4.8 [2.4-8.0],South America,4.8
16910,Peru,Female,1983,11.9 [7.6-17.3],South America,11.9
16911,Peru,Both sexes,1984,8.7 [6.1-11.7],South America,8.7
16912,Peru,Male,1984,5.0 [2.6-8.3],South America,5.0
16913,Peru,Female,1984,12.2 [7.9-17.6],South America,12.2
16914,Peru,Both sexes,1985,9.0 [6.4-11.9],South America,9.0
16915,Peru,Male,1985,5.2 [2.8-8.6],South America,5.2
16916,Peru,Female,1985,12.5 [8.3-17.8],South America,12.5
16917,Peru,Both sexes,1986,9.2 [6.6-12.2],South America,9.2
16918,Peru,Male,1986,5.4 [3.0-8.8],South America,5.4
16919,Peru,Female,1986,12.9 [8.7-18.0],South America,12.9
16920,Peru,Both sexes,1987,9.5 [6.9-12.5],South America,9.5
16921,Peru,Male,1987,5.7 [3.1-9.1],South America,5.7
16922,Peru,Female,1987,13.2 [9.0-18.2],South America,13.2
16923,Peru,Both sexes,1988,9.8 [7.2-12.7],South America,9.8
16924,Peru,Male,1988,5.9 [3.3-9.4],South America,5.9
16925,Peru,Female,1988,13.5 [9.3-18.4],South America,13.5
16926,Peru,Both sexes,1989,10.1 [7.5-13.0],South America,10.1
16927,Peru,Male,1989,6.2 [3.5-9.6],South America,6.2
16928,Peru,Female,1989,13.8 [9.7-18.7],South America,13.8
16929,Peru,Both sexes,1990,10.4 [7.8-13.3],South America,10.4
16930,Peru,Male,1990,6.4 [3.7-9.9],South America,6.4
16931,Peru,Female,1990,14.2 [10.0-18.9],South America,14.2
16932,Peru,Both sexes,1991,10.7 [8.1-13.5],South America,10.7
16933,Peru,Male,1991,6.7 [3.9-10.2],South America,6.7
16934,Peru,Female,1991,14.5 [10.4-19.2],South America,14.5
16935,Peru,Both sexes,1992,11.0 [8.4-13.8],South America,11.0
16936,Peru,Male,1992,6.9 [4.1-10.5],South America,6.9
16937,Peru,Female,1992,14.8 [10.8-19.5],South America,14.8
16938,Peru,Both sexes,1993,11.3 [8.7-14.2],South America,11.3
16939,Peru,Male,1993,7.2 [4.3-10.8],South America,7.2
16940,Peru,Female,1993,15.2 [11.2-19.8],South America,15.2
16941,Peru,Both sexes,1994,11.6 [9.0-14.4],South America,11.6
16942,Peru,Male,1994,7.5 [4.6-11.1],South America,7.5
16943,Peru,Female,1994,15.5 [11.5-20.0],South America,15.5
16944,Peru,Both sexes,1995,11.9 [9.3-14.8],South America,11.9
16945,Peru,Male,1995,7.8 [4.8-11.4],South America,7.8
16946,Peru,Female,1995,15.9 [11.9-20.3],South America,15.9
16947,Peru,Both sexes,1996,12.2 [9.7-15.1],South America,12.2
16948,Peru,Male,1996,8.1 [5.1-11.8],South America,8.1
16949,Peru,Female,1996,16.2 [12.3-20.6],South America,16.2
16950,Peru,Both sexes,1997,12.5 [10.0-15.4],South America,12.5
16951,Peru,Male,1997,8.4 [5.3-12.1],South America,8.4
16952,Peru,Female,1997,16.6 [12.7-20.9],South America,16.6
16953,Peru,Both sexes,1998,12.9 [10.4-15.7],South America,12.9
16954,Peru,Male,1998,8.7 [5.6-12.4],South America,8.7
16955,Peru,Female,1998,16.9 [13.1-21.2],South America,16.9
16956,Peru,Both sexes,1999,13.2 [10.7-16.0],South America,13.2
16957,Peru,Male,1999,9.0 [5.9-12.7],South America,9.0
16958,Peru,Female,1999,17.3 [13.5-21.5],South America,17.3
16959,Peru,Both sexes,2000,13.5 [11.1-16.3],South America,13.5
16960,Peru,Male,2000,9.3 [6.2-13.0],South America,9.3
16961,Peru,Female,2000,17.7 [13.9-21.8],South America,17.7
16962,Peru,Both sexes,2001,13.9 [11.4-16.6],South America,13.9
16963,Peru,Male,2001,9.6 [6.5-13.3],South America,9.6
16964,Peru,Female,2001,18.0 [14.4-22.1],South America,18.0
16965,Peru,Both sexes,2002,14.2 [11.8-16.9],South America,14.2
16966,Peru,Male,2002,9.9 [6.8-13.6],South America,9.9
16967,Peru,Female,2002,18.4 [14.7-22.4],South America,18.4
16968,Peru,Both sexes,2003,14.6 [12.2-17.2],South America,14.6
16969,Peru,Male,2003,10.3 [7.1-13.8],South America,10.3
16970,Peru,Female,2003,18.8 [15.2-22.7],South America,18.8
16971,Peru,Both sexes,2004,15.0 [12.5-17.6],South America,15.0
16972,Peru,Male,2004,10.6 [7.5-14.1],South America,10.6
16973,Peru,Female,2004,19.2 [15.6-23.0],South America,19.2
16974,Peru,Both sexes,2005,15.3 [12.9-17.9],South America,15.3
16975,Peru,Male,2005,10.9 [7.8-14.5],South America,10.9
16976,Peru,Female,2005,19.6 [16.1-23.3],South America,19.6
16977,Peru,Both sexes,2006,15.7 [13.3-18.3],South America,15.7
16978,Peru,Male,2006,11.3 [8.1-14.8],South America,11.3
16979,Peru,Female,2006,20.0 [16.5-23.7],South America,20.0
16980,Peru,Both sexes,2007,16.1 [13.7-18.6],South America,16.1
16981,Peru,Male,2007,11.6 [8.4-15.1],South America,11.6
16982,Peru,Female,2007,20.4 [16.9-24.1],South America,20.4
16983,Peru,Both sexes,2008,16.5 [14.0-19.0],South America,16.5
16984,Peru,Male,2008,12.0 [8.8-15.5],South America,12.0
16985,Peru,Female,2008,20.8 [17.3-24.5],South America,20.8
16986,Peru,Both sexes,2009,16.9 [14.4-19.4],South America,16.9
16987,Peru,Male,2009,12.4 [9.1-15.9],South America,12.4
16988,Peru,Female,2009,21.2 [17.8-24.9],South America,21.2
16989,Peru,Both sexes,2010,17.3 [14.7-19.9],South America,17.3
16990,Peru,Male,2010,12.8 [9.4-16.4],South America,12.8
16991,Peru,Female,2010,21.6 [18.2-25.4],South America,21.6
16992,Peru,Both sexes,2011,17.7 [15.0-20.4],South America,17.7
16993,Peru,Male,2011,13.1 [9.7-16.8],South America,13.1
16994,Peru,Female,2011,22.0 [18.5-25.9],South America,22.0
16995,Peru,Both sexes,2012,18.1 [15.4-20.8],South America,18.1
16996,Peru,Male,2012,13.5 [10.0-17.3],South America,13.5
16997,Peru,Female,2012,22.4 [18.8-26.4],South America,22.4
16998,Peru,Both sexes,2013,18.5 [15.7-21.4],South America,18.5
16999,Peru,Male,2013,13.9 [10.2-17.9],South America,13.9
17000,Peru,Female,2013,22.9 [19.1-27.0],South America,22.9
17001,Peru,Both sexes,2014,18.9 [16.0-21.9],South America,18.9
17002,Peru,Male,2014,14.3 [10.4-18.5],South America,14.3
17003,Peru,Female,2014,23.3 [19.3-27.7],South America,23.3
17004,Peru,Both sexes,2015,19.3 [16.3-22.5],South America,19.3
17005,Peru,Male,2015,14.8 [10.7-19.1],South America,14.8
17006,Peru,Female,2015,23.7 [19.4-28.3],South America,23.7
17007,Peru,Both sexes,2016,19.7 [16.5-23.1],South America,19.7
17008,Peru,Male,2016,15.2 [10.9-19.8],South America,15.2
17009,Peru,Female,2016,24.2 [19.6-29.1],South America,24.2
21042,Suriname,Both sexes,1975,7.5 [4.4-11.6],South America,7.5
21043,Suriname,Male,1975,3.2 [1.2-6.6],South America,3.2
21044,Suriname,Female,1975,11.8 [6.2-19.2],South America,11.8
21045,Suriname,Both sexes,1976,8.0 [4.8-12.0],South America,8.0
21046,Suriname,Male,1976,3.4 [1.4-6.9],South America,3.4
21047,Suriname,Female,1976,12.5 [6.8-19.8],South America,12.5
21048,Suriname,Both sexes,1977,8.5 [5.3-12.5],South America,8.5
21049,Suriname,Male,1977,3.7 [1.5-7.2],South America,3.7
21050,Suriname,Female,1977,13.2 [7.5-20.4],South America,13.2
21051,Suriname,Both sexes,1978,9.0 [5.7-13.0],South America,9.0
21052,Suriname,Male,1978,4.0 [1.8-7.7],South America,4.0
21053,Suriname,Female,1978,14.0 [8.1-21.2],South America,14.0
21054,Suriname,Both sexes,1979,9.6 [6.3-13.6],South America,9.6
21055,Suriname,Male,1979,4.4 [2.0-8.1],South America,4.4
21056,Suriname,Female,1979,14.8 [8.9-22.1],South America,14.8
21057,Suriname,Both sexes,1980,10.3 [6.9-14.4],South America,10.3
21058,Suriname,Male,1980,4.8 [2.3-8.6],South America,4.8
21059,Suriname,Female,1980,15.7 [9.8-22.9],South America,15.7
21060,Suriname,Both sexes,1981,10.9 [7.5-15.0],South America,10.9
21061,Suriname,Male,1981,5.3 [2.5-9.3],South America,5.3
21062,Suriname,Female,1981,16.5 [10.5-23.7],South America,16.5
21063,Suriname,Both sexes,1982,11.5 [8.0-15.6],South America,11.5
21064,Suriname,Male,1982,5.6 [2.8-9.8],South America,5.6
21065,Suriname,Female,1982,17.3 [11.2-24.4],South America,17.3
21066,Suriname,Both sexes,1983,12.0 [8.4-16.1],South America,12.0
21067,Suriname,Male,1983,6.0 [3.0-10.2],South America,6.0
21068,Suriname,Female,1983,18.0 [11.8-25.1],South America,18.0
21069,Suriname,Both sexes,1984,12.5 [8.9-16.6],South America,12.5
21070,Suriname,Male,1984,6.4 [3.2-10.7],South America,6.4
21071,Suriname,Female,1984,18.6 [12.4-25.8],South America,18.6
21072,Suriname,Both sexes,1985,13.0 [9.3-17.1],South America,13.0
21073,Suriname,Male,1985,6.7 [3.5-11.1],South America,6.7
21074,Suriname,Female,1985,19.2 [12.9-26.2],South America,19.2
21075,Suriname,Both sexes,1986,13.4 [9.7-17.5],South America,13.4
21076,Suriname,Male,1986,7.0 [3.7-11.6],South America,7.0
21077,Suriname,Female,1986,19.7 [13.4-26.7],South America,19.7
21078,Suriname,Both sexes,1987,13.8 [10.1-18.0],South America,13.8
21079,Suriname,Male,1987,7.3 [3.9-11.9],South America,7.3
21080,Suriname,Female,1987,20.1 [13.8-27.2],South America,20.1
21081,Suriname,Both sexes,1988,14.2 [10.5-18.4],South America,14.2
21082,Suriname,Male,1988,7.6 [4.2-12.2],South America,7.6
21083,Suriname,Female,1988,20.6 [14.3-27.7],South America,20.6
21084,Suriname,Both sexes,1989,14.5 [10.8-18.8],South America,14.5
21085,Suriname,Male,1989,7.9 [4.4-12.6],South America,7.9
21086,Suriname,Female,1989,21.0 [14.8-28.1],South America,21.0
21087,Suriname,Both sexes,1990,14.9 [11.2-19.2],South America,14.9
21088,Suriname,Male,1990,8.2 [4.6-12.9],South America,8.2
21089,Suriname,Female,1990,21.4 [15.2-28.4],South America,21.4
21090,Suriname,Both sexes,1991,15.3 [11.5-19.6],South America,15.3
21091,Suriname,Male,1991,8.5 [4.8-13.3],South America,8.5
21092,Suriname,Female,1991,21.8 [15.6-28.9],South America,21.8
21093,Suriname,Both sexes,1992,15.7 [11.9-20.0],South America,15.7
21094,Suriname,Male,1992,8.8 [5.1-13.7],South America,8.8
21095,Suriname,Female,1992,22.3 [16.1-29.3],South America,22.3
21096,Suriname,Both sexes,1993,16.0 [12.3-20.4],South America,16.0
21097,Suriname,Male,1993,9.2 [5.3-14.0],South America,9.2
21098,Suriname,Female,1993,22.7 [16.5-29.8],South America,22.7
21099,Suriname,Both sexes,1994,16.4 [12.6-20.8],South America,16.4
21100,Suriname,Male,1994,9.5 [5.5-14.4],South America,9.5
21101,Suriname,Female,1994,23.1 [16.9-30.2],South America,23.1
21102,Suriname,Both sexes,1995,16.8 [13.0-21.2],South America,16.8
21103,Suriname,Male,1995,9.8 [5.8-14.9],South America,9.8
21104,Suriname,Female,1995,23.6 [17.3-30.6],South America,23.6
21105,Suriname,Both sexes,1996,17.2 [13.4-21.6],South America,17.2
21106,Suriname,Male,1996,10.2 [6.1-15.2],South America,10.2
21107,Suriname,Female,1996,24.0 [17.7-31.0],South America,24.0
21108,Suriname,Both sexes,1997,17.6 [13.8-22.0],South America,17.6
21109,Suriname,Male,1997,10.5 [6.3-15.7],South America,10.5
21110,Suriname,Female,1997,24.5 [18.2-31.5],South America,24.5
21111,Suriname,Both sexes,1998,18.1 [14.2-22.4],South America,18.1
21112,Suriname,Male,1998,10.9 [6.7-16.2],South America,10.9
21113,Suriname,Female,1998,25.0 [18.6-32.0],South America,25.0
21114,Suriname,Both sexes,1999,18.5 [14.5-22.9],South America,18.5
21115,Suriname,Male,1999,11.3 [7.0-16.6],South America,11.3
21116,Suriname,Female,1999,25.4 [19.1-32.4],South America,25.4
21117,Suriname,Both sexes,2000,18.9 [14.9-23.3],South America,18.9
21118,Suriname,Male,2000,11.7 [7.3-17.1],South America,11.7
21119,Suriname,Female,2000,25.9 [19.6-32.8],South America,25.9
21120,Suriname,Both sexes,2001,19.4 [15.3-23.8],South America,19.4
21121,Suriname,Male,2001,12.1 [7.6-17.6],South America,12.1
21122,Suriname,Female,2001,26.4 [20.0-33.3],South America,26.4
21123,Suriname,Both sexes,2002,19.8 [15.8-24.2],South America,19.8
21124,Suriname,Male,2002,12.5 [7.9-18.1],South America,12.5
21125,Suriname,Female,2002,26.9 [20.6-33.9],South America,26.9
21126,Suriname,Both sexes,2003,20.3 [16.2-24.6],South America,20.3
21127,Suriname,Male,2003,12.9 [8.3-18.5],South America,12.9
21128,Suriname,Female,2003,27.3 [21.0-34.3],South America,27.3
21129,Suriname,Both sexes,2004,20.7 [16.6-25.1],South America,20.7
21130,Suriname,Male,2004,13.3 [8.7-18.9],South America,13.3
21131,Suriname,Female,2004,27.8 [21.5-34.8],South America,27.8
21132,Suriname,Both sexes,2005,21.2 [17.1-25.6],South America,21.2
21133,Suriname,Male,2005,13.7 [9.0-19.3],South America,13.7
21134,Suriname,Female,2005,28.3 [22.0-35.2],South America,28.3
21135,Suriname,Both sexes,2006,21.6 [17.5-26.1],South America,21.6
21136,Suriname,Male,2006,14.2 [9.4-19.8],South America,14.2
21137,Suriname,Female,2006,28.8 [22.4-35.8],South America,28.8
21138,Suriname,Both sexes,2007,22.1 [17.9-26.5],South America,22.1
21139,Suriname,Male,2007,14.6 [9.8-20.4],South America,14.6
21140,Suriname,Female,2007,29.3 [22.8-36.3],South America,29.3
21141,Suriname,Both sexes,2008,22.5 [18.3-27.1],South America,22.5
21142,Suriname,Male,2008,15.1 [10.1-21.0],South America,15.1
21143,Suriname,Female,2008,29.8 [23.2-36.8],South America,29.8
21144,Suriname,Both sexes,2009,23.0 [18.7-27.5],South America,23.0
21145,Suriname,Male,2009,15.5 [10.4-21.6],South America,15.5
21146,Suriname,Female,2009,30.2 [23.7-37.3],South America,30.2
21147,Suriname,Both sexes,2010,23.5 [19.1-28.0],South America,23.5
21148,Suriname,Male,2010,16.0 [10.7-22.2],South America,16.0
21149,Suriname,Female,2010,30.7 [24.1-37.9],South America,30.7
21150,Suriname,Both sexes,2011,24.0 [19.5-28.6],South America,24.0
21151,Suriname,Male,2011,16.4 [11.0-22.9],South America,16.4
21152,Suriname,Female,2011,31.2 [24.4-38.4],South America,31.2
21153,Suriname,Both sexes,2012,24.4 [19.9-29.2],South America,24.4
21154,Suriname,Male,2012,16.9 [11.3-23.6],South America,16.9
21155,Suriname,Female,2012,31.7 [24.7-38.9],South America,31.7
21156,Suriname,Both sexes,2013,24.9 [20.3-29.9],South America,24.9
21157,Suriname,Male,2013,17.4 [11.6-24.2],South America,17.4
21158,Suriname,Female,2013,32.2 [25.0-39.5],South America,32.2
21159,Suriname,Both sexes,2014,25.4 [20.6-30.5],South America,25.4
21160,Suriname,Male,2014,17.9 [11.9-24.9],South America,17.9
21161,Suriname,Female,2014,32.7 [25.4-40.2],South America,32.7
21162,Suriname,Both sexes,2015,25.9 [20.9-31.2],South America,25.9
21163,Suriname,Male,2015,18.4 [12.2-25.6],South America,18.4
21164,Suriname,Female,2015,33.2 [25.6-40.9],South America,33.2
21165,Suriname,Both sexes,2016,26.4 [21.2-31.8],South America,26.4
21166,Suriname,Male,2016,18.9 [12.5-26.5],South America,18.9
21167,Suriname,Female,2016,33.7 [25.9-41.7],South America,33.7
23562,Uruguay,Both sexes,1975,11.4 [7.3-16.3],South America,11.4
23563,Uruguay,Male,1975,7.9 [3.6-14.2],South America,7.9
23564,Uruguay,Female,1975,14.6 [8.3-22.7],South America,14.6
23565,Uruguay,Both sexes,1976,11.7 [7.6-16.4],South America,11.7
23566,Uruguay,Male,1976,8.1 [3.9-14.4],South America,8.1
23567,Uruguay,Female,1976,14.9 [8.6-22.8],South America,14.9
23568,Uruguay,Both sexes,1977,11.9 [7.9-16.6],South America,11.9
23569,Uruguay,Male,1977,8.4 [4.1-14.6],South America,8.4
23570,Uruguay,Female,1977,15.2 [9.0-22.9],South America,15.2
23571,Uruguay,Both sexes,1978,12.2 [8.3-16.7],South America,12.2
23572,Uruguay,Male,1978,8.7 [4.4-14.8],South America,8.7
23573,Uruguay,Female,1978,15.5 [9.4-23.0],South America,15.5
23574,Uruguay,Both sexes,1979,12.5 [8.6-16.9],South America,12.5
23575,Uruguay,Male,1979,9.0 [4.7-14.8],South America,9.0
23576,Uruguay,Female,1979,15.8 [9.7-23.1],South America,15.8
23577,Uruguay,Both sexes,1980,12.9 [8.9-17.2],South America,12.9
23578,Uruguay,Male,1980,9.3 [4.9-15.0],South America,9.3
23579,Uruguay,Female,1980,16.1 [10.1-23.3],South America,16.1
23580,Uruguay,Both sexes,1981,13.2 [9.3-17.5],South America,13.2
23581,Uruguay,Male,1981,9.6 [5.2-15.3],South America,9.6
23582,Uruguay,Female,1981,16.5 [10.4-23.5],South America,16.5
23583,Uruguay,Both sexes,1982,13.5 [9.6-17.8],South America,13.5
23584,Uruguay,Male,1982,9.9 [5.5-15.5],South America,9.9
23585,Uruguay,Female,1982,16.8 [10.8-23.7],South America,16.8
23586,Uruguay,Both sexes,1983,13.9 [9.9-18.2],South America,13.9
23587,Uruguay,Male,1983,10.2 [5.8-15.8],South America,10.2
23588,Uruguay,Female,1983,17.1 [11.2-23.9],South America,17.1
23589,Uruguay,Both sexes,1984,14.2 [10.3-18.5],South America,14.2
23590,Uruguay,Male,1984,10.6 [6.1-16.2],South America,10.6
23591,Uruguay,Female,1984,17.5 [11.6-24.3],South America,17.5
23592,Uruguay,Both sexes,1985,14.6 [10.7-18.8],South America,14.6
23593,Uruguay,Male,1985,10.9 [6.4-16.5],South America,10.9
23594,Uruguay,Female,1985,17.9 [12.0-24.6],South America,17.9
23595,Uruguay,Both sexes,1986,14.9 [11.1-19.2],South America,14.9
23596,Uruguay,Male,1986,11.3 [6.7-16.8],South America,11.3
23597,Uruguay,Female,1986,18.2 [12.4-24.9],South America,18.2
23598,Uruguay,Both sexes,1987,15.3 [11.4-19.6],South America,15.3
23599,Uruguay,Male,1987,11.6 [7.0-17.2],South America,11.6
23600,Uruguay,Female,1987,18.6 [12.8-25.2],South America,18.6
23601,Uruguay,Both sexes,1988,15.7 [11.8-20.0],South America,15.7
23602,Uruguay,Male,1988,12.0 [7.3-17.6],South America,12.0
23603,Uruguay,Female,1988,19.0 [13.1-25.5],South America,19.0
23604,Uruguay,Both sexes,1989,16.1 [12.2-20.4],South America,16.1
23605,Uruguay,Male,1989,12.4 [7.7-18.0],South America,12.4
23606,Uruguay,Female,1989,19.3 [13.5-25.9],South America,19.3
23607,Uruguay,Both sexes,1990,16.5 [12.6-20.7],South America,16.5
23608,Uruguay,Male,1990,12.8 [8.0-18.5],South America,12.8
23609,Uruguay,Female,1990,19.7 [13.9-26.2],South America,19.7
23610,Uruguay,Both sexes,1991,16.9 [13.0-21.2],South America,16.9
23611,Uruguay,Male,1991,13.1 [8.3-18.9],South America,13.1
23612,Uruguay,Female,1991,20.1 [14.4-26.6],South America,20.1
23613,Uruguay,Both sexes,1992,17.3 [13.4-21.6],South America,17.3
23614,Uruguay,Male,1992,13.5 [8.7-19.3],South America,13.5
23615,Uruguay,Female,1992,20.5 [14.8-26.9],South America,20.5
23616,Uruguay,Both sexes,1993,17.7 [13.8-22.0],South America,17.7
23617,Uruguay,Male,1993,13.9 [9.0-19.7],South America,13.9
23618,Uruguay,Female,1993,20.9 [15.1-27.3],South America,20.9
23619,Uruguay,Both sexes,1994,18.1 [14.1-22.3],South America,18.1
23620,Uruguay,Male,1994,14.4 [9.4-20.2],South America,14.4
23621,Uruguay,Female,1994,21.3 [15.5-27.7],South America,21.3
23622,Uruguay,Both sexes,1995,18.5 [14.5-22.8],South America,18.5
23623,Uruguay,Male,1995,14.8 [9.7-20.6],South America,14.8
23624,Uruguay,Female,1995,21.7 [15.9-28.1],South America,21.7
23625,Uruguay,Both sexes,1996,18.9 [14.9-23.2],South America,18.9
23626,Uruguay,Male,1996,15.2 [10.0-21.1],South America,15.2
23627,Uruguay,Female,1996,22.1 [16.3-28.5],South America,22.1
23628,Uruguay,Both sexes,1997,19.3 [15.3-23.6],South America,19.3
23629,Uruguay,Male,1997,15.6 [10.5-21.4],South America,15.6
23630,Uruguay,Female,1997,22.5 [16.7-28.8],South America,22.5
23631,Uruguay,Both sexes,1998,19.7 [15.7-24.1],South America,19.7
23632,Uruguay,Male,1998,16.1 [10.8-22.0],South America,16.1
23633,Uruguay,Female,1998,22.9 [17.2-29.2],South America,22.9
23634,Uruguay,Both sexes,1999,20.1 [16.1-24.5],South America,20.1
23635,Uruguay,Male,1999,16.5 [11.2-22.4],South America,16.5
23636,Uruguay,Female,1999,23.3 [17.6-29.7],South America,23.3
23637,Uruguay,Both sexes,2000,20.6 [16.5-24.9],South America,20.6
23638,Uruguay,Male,2000,16.9 [11.6-23.0],South America,16.9
23639,Uruguay,Female,2000,23.7 [18.0-30.1],South America,23.7
23640,Uruguay,Both sexes,2001,21.0 [16.9-25.4],South America,21.0
23641,Uruguay,Male,2001,17.4 [12.1-23.5],South America,17.4
23642,Uruguay,Female,2001,24.1 [18.4-30.5],South America,24.1
23643,Uruguay,Both sexes,2002,21.4 [17.4-25.8],South America,21.4
23644,Uruguay,Male,2002,17.9 [12.5-23.9],South America,17.9
23645,Uruguay,Female,2002,24.6 [18.8-30.9],South America,24.6
23646,Uruguay,Both sexes,2003,21.9 [17.8-26.3],South America,21.9
23647,Uruguay,Male,2003,18.3 [12.9-24.4],South America,18.3
23648,Uruguay,Female,2003,25.0 [19.2-31.4],South America,25.0
23649,Uruguay,Both sexes,2004,22.3 [18.2-26.7],South America,22.3
23650,Uruguay,Male,2004,18.8 [13.4-24.9],South America,18.8
23651,Uruguay,Female,2004,25.4 [19.6-31.9],South America,25.4
23652,Uruguay,Both sexes,2005,22.8 [18.7-27.2],South America,22.8
23653,Uruguay,Male,2005,19.3 [13.9-25.4],South America,19.3
23654,Uruguay,Female,2005,25.8 [20.0-32.3],South America,25.8
23655,Uruguay,Both sexes,2006,23.2 [19.1-27.6],South America,23.2
23656,Uruguay,Male,2006,19.8 [14.3-25.9],South America,19.8
23657,Uruguay,Female,2006,26.2 [20.4-32.7],South America,26.2
23658,Uruguay,Both sexes,2007,23.7 [19.5-28.1],South America,23.7
23659,Uruguay,Male,2007,20.2 [14.7-26.4],South America,20.2
23660,Uruguay,Female,2007,26.7 [20.8-33.1],South America,26.7
23661,Uruguay,Both sexes,2008,24.1 [19.9-28.6],South America,24.1
23662,Uruguay,Male,2008,20.7 [15.1-26.9],South America,20.7
23663,Uruguay,Female,2008,27.1 [21.2-33.6],South America,27.1
23664,Uruguay,Both sexes,2009,24.6 [20.3-29.1],South America,24.6
23665,Uruguay,Male,2009,21.2 [15.5-27.4],South America,21.2
23666,Uruguay,Female,2009,27.5 [21.6-34.1],South America,27.5
23667,Uruguay,Both sexes,2010,25.1 [20.7-29.6],South America,25.1
23668,Uruguay,Male,2010,21.7 [16.0-28.0],South America,21.7
23669,Uruguay,Female,2010,28.0 [21.8-34.6],South America,28.0
23670,Uruguay,Both sexes,2011,25.5 [21.1-30.2],South America,25.5
23671,Uruguay,Male,2011,22.3 [16.4-28.8],South America,22.3
23672,Uruguay,Female,2011,28.4 [22.2-35.1],South America,28.4
23673,Uruguay,Both sexes,2012,26.0 [21.4-30.8],South America,26.0
23674,Uruguay,Male,2012,22.8 [16.8-29.5],South America,22.8
23675,Uruguay,Female,2012,28.8 [22.4-35.7],South America,28.8
23676,Uruguay,Both sexes,2013,26.5 [21.8-31.4],South America,26.5
23677,Uruguay,Male,2013,23.3 [17.1-30.2],South America,23.3
23678,Uruguay,Female,2013,29.3 [22.6-36.3],South America,29.3
23679,Uruguay,Both sexes,2014,27.0 [22.1-32.0],South America,27.0
23680,Uruguay,Male,2014,23.8 [17.4-30.9],South America,23.8
23681,Uruguay,Female,2014,29.7 [22.9-36.9],South America,29.7
23682,Uruguay,Both sexes,2015,27.5 [22.5-32.7],South America,27.5
23683,Uruguay,Male,2015,24.4 [17.8-31.6],South America,24.4
23684,Uruguay,Female,2015,30.1 [23.1-37.7],South America,30.1
23685,Uruguay,Both sexes,2016,27.9 [22.8-33.4],South America,27.9
23686,Uruguay,Male,2016,24.9 [18.0-32.4],South America,24.9
23687,Uruguay,Female,2016,30.6 [23.2-38.5],South America,30.6
23940,Venezuela (Bolivarian Republic of),Both sexes,1975,9.6 [5.9-14.1],South America,9.6
23941,Venezuela (Bolivarian Republic of),Male,1975,5.9 [2.7-11.2],South America,5.9
23942,Venezuela (Bolivarian Republic of),Female,1975,13.2 [7.1-20.7],South America,13.2
23943,Venezuela (Bolivarian Republic of),Both sexes,1976,9.9 [6.3-14.3],South America,9.9
23944,Venezuela (Bolivarian Republic of),Male,1976,6.3 [2.9-11.5],South America,6.3
23945,Venezuela (Bolivarian Republic of),Female,1976,13.6 [7.5-21.0],South America,13.6
23946,Venezuela (Bolivarian Republic of),Both sexes,1977,10.3 [6.7-14.6],South America,10.3
23947,Venezuela (Bolivarian Republic of),Male,1977,6.6 [3.2-11.7],South America,6.6
23948,Venezuela (Bolivarian Republic of),Female,1977,14.0 [8.0-21.3],South America,14.0
23949,Venezuela (Bolivarian Republic of),Both sexes,1978,10.7 [7.0-14.9],South America,10.7
23950,Venezuela (Bolivarian Republic of),Male,1978,6.9 [3.5-11.9],South America,6.9
23951,Venezuela (Bolivarian Republic of),Female,1978,14.4 [8.4-21.4],South America,14.4
23952,Venezuela (Bolivarian Republic of),Both sexes,1979,11.0 [7.4-15.2],South America,11.0
23953,Venezuela (Bolivarian Republic of),Male,1979,7.2 [3.7-12.2],South America,7.2
23954,Venezuela (Bolivarian Republic of),Female,1979,14.8 [8.9-21.7],South America,14.8
23955,Venezuela (Bolivarian Republic of),Both sexes,1980,11.4 [7.8-15.5],South America,11.4
23956,Venezuela (Bolivarian Republic of),Male,1980,7.6 [4.0-12.6],South America,7.6
23957,Venezuela (Bolivarian Republic of),Female,1980,15.2 [9.4-21.9],South America,15.2
23958,Venezuela (Bolivarian Republic of),Both sexes,1981,11.8 [8.2-15.9],South America,11.8
23959,Venezuela (Bolivarian Republic of),Male,1981,7.9 [4.3-12.9],South America,7.9
23960,Venezuela (Bolivarian Republic of),Female,1981,15.6 [9.8-22.1],South America,15.6
23961,Venezuela (Bolivarian Republic of),Both sexes,1982,12.2 [8.6-16.2],South America,12.2
23962,Venezuela (Bolivarian Republic of),Male,1982,8.3 [4.6-13.2],South America,8.3
23963,Venezuela (Bolivarian Republic of),Female,1982,16.0 [10.3-22.6],South America,16.0
23964,Venezuela (Bolivarian Republic of),Both sexes,1983,12.6 [9.0-16.6],South America,12.6
23965,Venezuela (Bolivarian Republic of),Male,1983,8.6 [4.9-13.6],South America,8.6
23966,Venezuela (Bolivarian Republic of),Female,1983,16.4 [10.7-22.8],South America,16.4
23967,Venezuela (Bolivarian Republic of),Both sexes,1984,12.9 [9.4-17.0],South America,12.9
23968,Venezuela (Bolivarian Republic of),Male,1984,9.0 [5.2-14.0],South America,9.0
23969,Venezuela (Bolivarian Republic of),Female,1984,16.8 [11.1-23.1],South America,16.8
23970,Venezuela (Bolivarian Republic of),Both sexes,1985,13.3 [9.8-17.3],South America,13.3
23971,Venezuela (Bolivarian Republic of),Male,1985,9.4 [5.6-14.5],South America,9.4
23972,Venezuela (Bolivarian Republic of),Female,1985,17.2 [11.6-23.4],South America,17.2
23973,Venezuela (Bolivarian Republic of),Both sexes,1986,13.7 [10.2-17.7],South America,13.7
23974,Venezuela (Bolivarian Republic of),Male,1986,9.8 [5.9-14.9],South America,9.8
23975,Venezuela (Bolivarian Republic of),Female,1986,17.6 [12.0-23.8],South America,17.6
23976,Venezuela (Bolivarian Republic of),Both sexes,1987,14.1 [10.6-18.1],South America,14.1
23977,Venezuela (Bolivarian Republic of),Male,1987,10.1 [6.2-15.3],South America,10.1
23978,Venezuela (Bolivarian Republic of),Female,1987,18.0 [12.4-24.1],South America,18.0
23979,Venezuela (Bolivarian Republic of),Both sexes,1988,14.5 [11.0-18.4],South America,14.5
23980,Venezuela (Bolivarian Republic of),Male,1988,10.5 [6.6-15.7],South America,10.5
23981,Venezuela (Bolivarian Republic of),Female,1988,18.4 [12.8-24.5],South America,18.4
23982,Venezuela (Bolivarian Republic of),Both sexes,1989,14.9 [11.4-18.8],South America,14.9
23983,Venezuela (Bolivarian Republic of),Male,1989,10.9 [6.9-16.2],South America,10.9
23984,Venezuela (Bolivarian Republic of),Female,1989,18.8 [13.3-24.9],South America,18.8
23985,Venezuela (Bolivarian Republic of),Both sexes,1990,15.3 [11.8-19.2],South America,15.3
23986,Venezuela (Bolivarian Republic of),Male,1990,11.4 [7.2-16.6],South America,11.4
23987,Venezuela (Bolivarian Republic of),Female,1990,19.2 [13.7-25.2],South America,19.2
23988,Venezuela (Bolivarian Republic of),Both sexes,1991,15.8 [12.2-19.6],South America,15.8
23989,Venezuela (Bolivarian Republic of),Male,1991,11.8 [7.6-17.0],South America,11.8
23990,Venezuela (Bolivarian Republic of),Female,1991,19.6 [14.2-25.5],South America,19.6
23991,Venezuela (Bolivarian Republic of),Both sexes,1992,16.2 [12.7-20.0],South America,16.2
23992,Venezuela (Bolivarian Republic of),Male,1992,12.2 [7.9-17.5],South America,12.2
23993,Venezuela (Bolivarian Republic of),Female,1992,20.0 [14.6-25.9],South America,20.0
23994,Venezuela (Bolivarian Republic of),Both sexes,1993,16.6 [13.1-20.4],South America,16.6
23995,Venezuela (Bolivarian Republic of),Male,1993,12.6 [8.3-18.0],South America,12.6
23996,Venezuela (Bolivarian Republic of),Female,1993,20.4 [15.0-26.2],South America,20.4
23997,Venezuela (Bolivarian Republic of),Both sexes,1994,17.0 [13.5-20.8],South America,17.0
23998,Venezuela (Bolivarian Republic of),Male,1994,13.0 [8.7-18.4],South America,13.0
23999,Venezuela (Bolivarian Republic of),Female,1994,20.8 [15.5-26.4],South America,20.8
24000,Venezuela (Bolivarian Republic of),Both sexes,1995,17.4 [13.9-21.2],South America,17.4
24001,Venezuela (Bolivarian Republic of),Male,1995,13.5 [9.1-18.7],South America,13.5
24002,Venezuela (Bolivarian Republic of),Female,1995,21.1 [15.9-26.8],South America,21.1
24003,Venezuela (Bolivarian Republic of),Both sexes,1996,17.8 [14.3-21.5],South America,17.8
24004,Venezuela (Bolivarian Republic of),Male,1996,13.9 [9.5-19.1],South America,13.9
24005,Venezuela (Bolivarian Republic of),Female,1996,21.5 [16.3-27.1],South America,21.5
24006,Venezuela (Bolivarian Republic of),Both sexes,1997,18.2 [14.7-21.9],South America,18.2
24007,Venezuela (Bolivarian Republic of),Male,1997,14.4 [9.9-19.6],South America,14.4
24008,Venezuela (Bolivarian Republic of),Female,1997,21.9 [16.7-27.4],South America,21.9
24009,Venezuela (Bolivarian Republic of),Both sexes,1998,18.6 [15.2-22.3],South America,18.6
24010,Venezuela (Bolivarian Republic of),Male,1998,14.8 [10.3-20.0],South America,14.8
24011,Venezuela (Bolivarian Republic of),Female,1998,22.3 [17.2-27.8],South America,22.3
24012,Venezuela (Bolivarian Republic of),Both sexes,1999,19.0 [15.6-22.7],South America,19.0
24013,Venezuela (Bolivarian Republic of),Male,1999,15.2 [10.8-20.3],South America,15.2
24014,Venezuela (Bolivarian Republic of),Female,1999,22.7 [17.7-28.1],South America,22.7
24015,Venezuela (Bolivarian Republic of),Both sexes,2000,19.4 [16.0-23.1],South America,19.4
24016,Venezuela (Bolivarian Republic of),Male,2000,15.7 [11.2-20.8],South America,15.7
24017,Venezuela (Bolivarian Republic of),Female,2000,23.1 [18.1-28.5],South America,23.1
24018,Venezuela (Bolivarian Republic of),Both sexes,2001,19.9 [16.4-23.5],South America,19.9
24019,Venezuela (Bolivarian Republic of),Male,2001,16.1 [11.6-21.3],South America,16.1
24020,Venezuela (Bolivarian Republic of),Female,2001,23.4 [18.5-28.8],South America,23.4
24021,Venezuela (Bolivarian Republic of),Both sexes,2002,20.3 [16.8-23.9],South America,20.3
24022,Venezuela (Bolivarian Republic of),Male,2002,16.6 [12.0-21.7],South America,16.6
24023,Venezuela (Bolivarian Republic of),Female,2002,23.8 [18.9-29.1],South America,23.8
24024,Venezuela (Bolivarian Republic of),Both sexes,2003,20.6 [17.2-24.2],South America,20.6
24025,Venezuela (Bolivarian Republic of),Male,2003,17.0 [12.5-22.1],South America,17.0
24026,Venezuela (Bolivarian Republic of),Female,2003,24.2 [19.3-29.4],South America,24.2
24027,Venezuela (Bolivarian Republic of),Both sexes,2004,21.0 [17.6-24.6],South America,21.0
24028,Venezuela (Bolivarian Republic of),Male,2004,17.4 [12.9-22.5],South America,17.4
24029,Venezuela (Bolivarian Republic of),Female,2004,24.5 [19.6-29.8],South America,24.5
24030,Venezuela (Bolivarian Republic of),Both sexes,2005,21.4 [18.0-25.0],South America,21.4
24031,Venezuela (Bolivarian Republic of),Male,2005,17.8 [13.2-22.9],South America,17.8
24032,Venezuela (Bolivarian Republic of),Female,2005,24.9 [20.0-30.1],South America,24.9
24033,Venezuela (Bolivarian Republic of),Both sexes,2006,21.8 [18.4-25.4],South America,21.8
24034,Venezuela (Bolivarian Republic of),Male,2006,18.3 [13.7-23.3],South America,18.3
24035,Venezuela (Bolivarian Republic of),Female,2006,25.2 [20.4-30.4],South America,25.2
24036,Venezuela (Bolivarian Republic of),Both sexes,2007,22.2 [18.7-25.8],South America,22.2
24037,Venezuela (Bolivarian Republic of),Male,2007,18.7 [14.0-23.7],South America,18.7
24038,Venezuela (Bolivarian Republic of),Female,2007,25.6 [20.7-30.8],South America,25.6
24039,Venezuela (Bolivarian Republic of),Both sexes,2008,22.5 [19.1-26.2],South America,22.5
24040,Venezuela (Bolivarian Republic of),Male,2008,19.1 [14.4-24.2],South America,19.1
24041,Venezuela (Bolivarian Republic of),Female,2008,25.9 [20.9-31.2],South America,25.9
24042,Venezuela (Bolivarian Republic of),Both sexes,2009,22.9 [19.4-26.6],South America,22.9
24043,Venezuela (Bolivarian Republic of),Male,2009,19.5 [14.7-24.7],South America,19.5
24044,Venezuela (Bolivarian Republic of),Female,2009,26.2 [21.2-31.5],South America,26.2
24045,Venezuela (Bolivarian Republic of),Both sexes,2010,23.3 [19.7-27.1],South America,23.3
24046,Venezuela (Bolivarian Republic of),Male,2010,19.9 [15.0-25.1],South America,19.9
24047,Venezuela (Bolivarian Republic of),Female,2010,26.6 [21.5-32.0],South America,26.6
24048,Venezuela (Bolivarian Republic of),Both sexes,2011,23.7 [20.0-27.5],South America,23.7
24049,Venezuela (Bolivarian Republic of),Male,2011,20.3 [15.3-25.7],South America,20.3
24050,Venezuela (Bolivarian Republic of),Female,2011,26.9 [21.7-32.4],South America,26.9
24051,Venezuela (Bolivarian Republic of),Both sexes,2012,24.0 [20.3-28.0],South America,24.0
24052,Venezuela (Bolivarian Republic of),Male,2012,20.7 [15.5-26.2],South America,20.7
24053,Venezuela (Bolivarian Republic of),Female,2012,27.2 [21.9-33.0],South America,27.2
24054,Venezuela (Bolivarian Republic of),Both sexes,2013,24.4 [20.6-28.5],South America,24.4
24055,Venezuela (Bolivarian Republic of),Male,2013,21.1 [15.8-26.8],South America,21.1
24056,Venezuela (Bolivarian Republic of),Female,2013,27.6 [22.0-33.5],South America,27.6
24057,Venezuela (Bolivarian Republic of),Both sexes,2014,24.8 [20.8-29.0],South America,24.8
24058,Venezuela (Bolivarian Republic of),Male,2014,21.5 [16.0-27.4],South America,21.5
24059,Venezuela (Bolivarian Republic of),Female,2014,27.9 [22.2-34.1],South America,27.9
24060,Venezuela (Bolivarian Republic of),Both sexes,2015,25.2 [21.0-29.5],South America,25.2
24061,Venezuela (Bolivarian Republic of),Male,2015,22.0 [16.2-28.2],South America,22.0
24062,Venezuela (Bolivarian Republic of),Female,2015,28.3 [22.4-34.6],South America,28.3
24063,Venezuela (Bolivarian Republic of),Both sexes,2016,25.6 [21.3-30.2],South America,25.6
24064,Venezuela (Bolivarian Republic of),Male,2016,22.4 [16.4-28.9],South America,22.4
24065,Venezuela (Bolivarian Republic of),Female,2016,28.6 [22.5-35.2],South America,28.6
