Country,Sex,Obesity (%),Region,BMI
Afghanistan,Both sexes,3.8 [2.4-5.6],South Asia,3.8
Afghanistan,Male,2.1 [0.9-4.2],South Asia,2.1
Afghanistan,Female,5.4 [3.1-8.8],South Asia,5.4
Albania,Both sexes,17.6 [13.8-21.6],Balkans,17.6
Albania,Male,16.8 [11.5-22.9],Balkans,16.8
Albania,Female,18.4 [13.3-24.2],Balkans,18.4
Algeria,Both sexes,22.7 [18.8-26.8],North Africa,22.7
Algeria,Male,15.2 [10.5-20.5],North Africa,15.2
Algeria,Female,30.2 [24.3-36.4],North Africa,30.2
Andorra,Both sexes,24.2 [19.5-29.3],Southern Europe,24.2
Andorra,Male,23.6 [16.8-30.9],Southern Europe,23.6
Andorra,Female,24.7 [18.0-31.8],Southern Europe,24.7
Angola,Both sexes,5.9 [3.6-8.8],Southern Africa,5.9
Angola,Male,2.6 [1.0-5.1],Southern Africa,2.6
Angola,Female,8.8 [4.9-14.1],Southern Africa,8.8
Antigua and Barbuda,Both sexes,15.9 [11.8-20.3],Caribbean,15.9
Antigua and Barbuda,Male,9.2 [5.3-14.2],Caribbean,9.2
Antigua and Barbuda,Female,22.2 [15.5-29.7],Caribbean,22.2
Argentina,Both sexes,24.8 [21.1-28.8],South America,24.8
Argentina,Male,23.6 [18.3-29.4],South America,23.6
Argentina,Female,25.9 [21.0-31.2],South America,25.9
Armenia,Both sexes,17.1 [13.6-21.0],Eastern Europe,17.1
Armenia,Male,14.0 [9.1-19.8],Eastern Europe,14.0
Armenia,Female,19.9 [14.7-25.6],Eastern Europe,19.9
Australia,Both sexes,25.1 [22.5-27.9],Oceania,25.1
Australia,Male,25.2 [21.4-29.2],Oceania,25.2
Australia,Female,24.9 [21.4-28.8],Oceania,24.9
Austria,Both sexes,17.3 [14.0-20.8],Eastern Europe,17.3
Austria,Male,18.3 [13.7-23.7],Eastern Europe,18.3
Austria,Female,16.1 [11.9-20.6],Eastern Europe,16.1
Azerbaijan,Both sexes,16.2 [12.4-20.2],Eastern Europe,16.2
Azerbaijan,Male,12.3 [7.6-17.7],Eastern Europe,12.3
Azerbaijan,Female,19.6 [14.2-25.7],Eastern Europe,19.6
Bahamas,Both sexes,28.1 [22.9-33.2],Caribbean,28.1
Bahamas,Male,20.4 [14.0-27.7],Caribbean,20.4
Bahamas,Female,34.9 [27.0-42.9],Caribbean,34.9
Bahrain,Both sexes,26.2 [22.0-30.4],Middle East,26.2
Bahrain,Male,21.6 [16.0-27.5],Middle East,21.6
Bahrain,Female,33.9 [27.8-40.1],Middle East,33.9
Bangladesh,Both sexes,2.3 [1.6-3.2],South Asia,2.3
Bangladesh,Male,1.4 [0.7-2.3],South Asia,1.4
Bangladesh,Female,3.4 [2.1-4.9],South Asia,3.4
Barbados,Both sexes,19.4 [15.8-23.3],Caribbean,19.4
Barbados,Male,11.4 [7.6-16.2],Caribbean,11.4
Barbados,Female,27.0 [21.1-33.4],Caribbean,27.0
Belarus,Both sexes,21.9 [17.6-26.6],Eastern Europe,21.9
Belarus,Male,18.6 [12.8-25.2],Eastern Europe,18.6
Belarus,Female,24.6 [18.3-31.5],Eastern Europe,24.6
Belgium,Both sexes,19.8 [17.2-22.4],Western Europe,19.8
Belgium,Male,20.0 [16.4-23.8],Western Europe,20.0
Belgium,Female,19.5 [16.0-23.2],Western Europe,19.5
Belize,Both sexes,20.5 [16.3-25.0],Central America,20.5
Belize,Male,13.2 [8.6-18.9],Central America,13.2
Belize,Female,27.6 [20.9-34.6],Central America,27.6
Benin,Both sexes,7.3 [5.5-9.4],West Africa,7.3
Benin,Male,3.3 [1.8-5.4],West Africa,3.3
Benin,Female,10.9 [7.9-14.4],West Africa,10.9
Bhutan,Both sexes,4.4 [2.9-6.2],South Asia,4.4
Bhutan,Male,3.0 [1.5-5.3],South Asia,3.0
Bhutan,Female,6.1 [3.6-9.3],South Asia,6.1
Bolivia (Plurinational State of),Both sexes,17.0 [13.2-21.1],South America,17.0
Bolivia (Plurinational State of),Male,11.5 [6.7-17.5],South America,11.5
Bolivia (Plurinational State of),Female,22.0 [16.2-28.2],South America,22.0
Bosnia and Herzegovina,Both sexes,15.3 [12.1-18.7],Balkans,15.3
Bosnia and Herzegovina,Male,14.1 [9.6-19.1],Balkans,14.1
Bosnia and Herzegovina,Female,16.3 [11.8-21.4],Balkans,16.3
Botswana,Both sexes,16.5 [12.9-20.4],Southern Africa,16.5
Botswana,Male,6.1 [3.4-9.7],Southern Africa,6.1
Botswana,Female,26.1 [19.5-32.9],Southern Africa,26.1
Brazil,Both sexes,18.7 [16.4-21.1],South America,18.7
Brazil,Male,15.0 [12.1-18.3],South America,15.0
Brazil,Female,22.0 [18.6-25.5],South America,22.0
Brunei Darussalam,Both sexes,10.7 [8.0-13.8],Southeast Asia,10.7
Brunei Darussalam,Male,8.8 [5.4-13.0],Southeast Asia,8.8
Brunei Darussalam,Female,12.6 [8.5-17.4],Southeast Asia,12.6
Bulgaria,Both sexes,22.0 [17.6-26.6],Balkans,22.0
Bulgaria,Male,21.6 [15.6-28.3],Balkans,21.6
Bulgaria,Female,22.2 [16.0-28.6],Balkans,22.2
Burkina Faso,Both sexes,3.7 [2.6-5.1],West Africa,3.7
Burkina Faso,Male,1.6 [0.8-2.8],West Africa,1.6
Burkina Faso,Female,5.5 [3.6-7.8],West Africa,5.5
Burundi,Both sexes,3.8 [2.4-5.5],East Africa,3.8
Burundi,Male,1.4 [0.6-2.7],East Africa,1.4
Burundi,Female,6.1 [3.6-9.2],East Africa,6.1
Cabo Verde,Both sexes,9.2 [6.7-12.1],West Africa,9.2
Cabo Verde,Male,4.8 [2.6-7.9],West Africa,4.8
Cabo Verde,Female,12.9 [8.7-17.8],West Africa,12.9
Cambodia,Both sexes,2.6 [1.7-3.7],Southeast Asia,2.6
Cambodia,Male,1.7 [0.8-3.2],Southeast Asia,1.7
Cambodia,Female,3.3 [2.0-5.0],Southeast Asia,3.3
Cameroon,Both sexes,8.7 [6.8-10.8],Central Africa,8.7
Cameroon,Male,4.3 [2.6-6.6],Central Africa,4.3
Cameroon,Female,12.9 [9.7-16.4],Central Africa,12.9
Canada,Both sexes,25.5 [22.7-28.3],North America,25.5
Canada,Male,25.2 [21.3-29.3],North America,25.2
Canada,Female,25.7 [21.9-29.6],North America,25.7
Central African Republic,Both sexes,5.6 [3.6-8.2],Central Africa,5.6
Central African Republic,Male,2.6 [1.2-4.8],Central Africa,2.6
Central African Republic,Female,8.4 [4.9-13.0],Central Africa,8.4
Chad,Both sexes,4.5 [3.1-6.1],North Africa,4.5
Chad,Male,2.1 [1.1-3.8],North Africa,2.1
Chad,Female,6.6 [4.3-9.6],North Africa,6.6
Chile,Both sexes,24.7 [21.1-28.3],South America,24.7
Chile,Male,21.3 [16.8-26.6],South America,21.3
Chile,Female,27.8 [22.8-33.2],South America,27.8
China,Both sexes,4.1 [3.4-5.0],East Asia,4.1
China,Male,3.6 [2.7-4.7],East Asia,3.6
China,Female,4.7 [3.6-6.0],East Asia,4.7
Colombia,Both sexes,19.1 [16.2-22.2],South America,19.1
Colombia,Male,14.3 [10.5-18.6],South America,14.3
Colombia,Female,23.4 [19.1-27.8],South America,23.4
Comoros,Both sexes,5.9 [4.2-8.1],Southern Africa,5.9
Comoros,Male,2.4 [1.2-4.4],Southern Africa,2.4
Comoros,Female,9.3 [6.2-13.2],Southern Africa,9.3
Congo,Both sexes,7.4 [5.3-9.9],Central Africa,7.4
Congo,Male,3.8 [1.9-6.6],Central Africa,3.8
Congo,Female,10.8 [7.3-14.9],Central Africa,10.8
Cook Islands,Both sexes,52.0 [47.0-57.2],Oceania,52.0
Cook Islands,Male,47.8 [40.4-55.2],Oceania,47.8
Cook Islands,Female,56.2 [49.1-63.1],Oceania,56.2
Costa Rica,Both sexes,20.7 [17.2-24.5],Central America,20.7
Costa Rica,Male,16.0 [11.5-21.2],Central America,16.0
Costa Rica,Female,25.4 [20.2-31.1],Central America,25.4
Croatia,Both sexes,21.1 [17.7-24.9],Balkans,21.1
Croatia,Male,20.1 [15.2-25.6],Balkans,20.1
Croatia,Female,21.8 [17.0-27.0],Balkans,21.8
Cuba,Both sexes,21.2 [17.7-25.0],Caribbean,21.2
Cuba,Male,15.2 [10.8-20.0],Caribbean,15.2
Cuba,Female,27.2 [21.6-33.0],Caribbean,27.2
Cyprus,Both sexes,19.4 [15.3-24.0],Balkans,19.4
Cyprus,Male,18.8 [12.9-25.5],Balkans,18.8
Cyprus,Female,20.0 [14.2-26.2],Balkans,20.0
Czechia,Both sexes,23.6 [19.9-27.5],Eastern Europe,23.6
Czechia,Male,23.1 [17.9-28.8],Eastern Europe,23.1
Czechia,Female,23.8 [18.7-29.5],Eastern Europe,23.8
Côte d'Ivoire,Both sexes,7.6 [5.7-9.7],West Africa,7.6
Côte d'Ivoire,Male,4.0 [2.3-6.4],West Africa,4.0
Côte d'Ivoire,Female,11.7 [8.4-15.7],West Africa,11.7
Democratic People's Republic of Korea,Both sexes,5.4 [3.3-8.0],East Asia,5.4
Democratic People's Republic of Korea,Male,4.5 [2.1-8.0],East Asia,4.5
Democratic People's Republic of Korea,Female,6.1 [3.1-10.1],East Asia,6.1
Democratic Republic of the Congo,Both sexes,4.8 [3.2-6.9],Central Africa,4.8
Democratic Republic of the Congo,Male,2.4 [1.0-4.4],Central Africa,2.4
Democratic Republic of the Congo,Female,7.1 [4.4-10.7],Central Africa,7.1
Denmark,Both sexes,17.1 [14.5-19.7],Northern Europe,17.1
Denmark,Male,18.8 [15.3-22.5],Northern Europe,18.8
Denmark,Female,15.3 [11.6-19.2],Northern Europe,15.3
Djibouti,Both sexes,11.5 [8.3-15.3],East Africa,11.5
Djibouti,Male,6.9 [3.6-11.4],East Africa,6.9
Djibouti,Female,15.9 [10.6-22.3],East Africa,15.9
Dominica,Both sexes,23.9 [19.5-28.6],Caribbean,23.9
Dominica,Male,15.9 [10.5-22.2],Caribbean,15.9
Dominica,Female,31.6 [24.5-38.7],Caribbean,31.6
Dominican Republic,Both sexes,22.2 [18.5-26.2],Caribbean,22.2
Dominican Republic,Male,15.5 [10.9-20.8],Caribbean,15.5
Dominican Republic,Female,28.8 [23.2-34.7],Caribbean,28.8
Ecuador,Both sexes,16.8 [13.2-20.9],South America,16.8
Ecuador,Male,12.0 [7.4-17.6],South America,12.0
Ecuador,Female,21.5 [15.8-27.7],South America,21.5
Egypt,Both sexes,27.4 [24.0-30.8],North Africa,27.4
Egypt,Male,18.1 [14.0-22.8],North Africa,18.1
Egypt,Female,36.3 [31.4-41.4],North Africa,36.3
El Salvador,Both sexes,20.6 [16.7-24.8],Central America,20.6
El Salvador,Male,15.1 [10.0-21.1],Central America,15.1
El Salvador,Female,24.9 [19.4-30.9],Central America,24.9
Equatorial Guinea,Both sexes,6.0 [3.8-8.8],Central Africa,6.0
Equatorial Guinea,Male,2.7 [1.1-5.4],Central Africa,2.7
Equatorial Guinea,Female,9.8 [5.8-14.8],Central Africa,9.8
Eritrea,Both sexes,3.5 [2.4-5.0],East Africa,3.5
Eritrea,Male,1.4 [0.6-2.5],East Africa,1.4
Eritrea,Female,5.4 [3.4-7.9],East Africa,5.4
Estonia,Both sexes,19.4 [16.8-22.1],Eastern Europe,19.4
Estonia,Male,17.5 [14.1-21.2],Eastern Europe,17.5
Estonia,Female,20.7 [16.9-24.6],Eastern Europe,20.7
Eswatini,Both sexes,13.8 [10.5-17.4],Southern Africa,13.8
Eswatini,Male,3.9 [2.1-6.5],Southern Africa,3.9
Eswatini,Female,22.1 [16.3-28.6],Southern Africa,22.1
Ethiopia,Both sexes,3.1 [2.0-4.4],East Africa,3.1
Ethiopia,Male,1.3 [0.6-2.3],East Africa,1.3
Ethiopia,Female,4.9 [3.0-7.4],East Africa,4.9
Fiji,Both sexes,26.0 [21.0-30.9],Oceania,26.0
Fiji,Male,20.5 [14.1-27.4],Oceania,20.5
Fiji,Female,31.5 [24.7-38.6],Oceania,31.5
Finland,Both sexes,19.6 [17.4-21.9],Northern Europe,19.6
Finland,Male,20.4 [17.1-24.0],Northern Europe,20.4
Finland,Female,18.7 [15.7-21.7],Northern Europe,18.7
France,Both sexes,19.0 [15.8-22.2],Western Europe,19.0
France,Male,18.7 [14.2-23.4],Western Europe,18.7
France,Female,19.2 [14.8-23.7],Western Europe,19.2
Gabon,Both sexes,12.5 [9.0-16.5],Central Africa,12.5
Gabon,Male,7.3 [3.6-12.5],Central Africa,7.3
Gabon,Female,17.4 [12.0-24.1],Central Africa,17.4
Gambia,Both sexes,7.6 [5.7-10.0],West Africa,7.6
Gambia,Male,3.8 [2.1-6.1],West Africa,3.8
Gambia,Female,11.4 [8.0-15.4],West Africa,11.4
Georgia,Both sexes,17.6 [13.9-21.7],Eastern Europe,17.6
Georgia,Male,15.0 [10.0-20.8],Eastern Europe,15.0
Georgia,Female,19.8 [14.4-25.5],Eastern Europe,19.8
Germany,Both sexes,19.5 [17.3-21.8],Northern Europe,19.5
Germany,Male,20.6 [17.3-24.0],Northern Europe,20.6
Germany,Female,18.3 [15.4-21.4],Northern Europe,18.3
Ghana,Both sexes,8.4 [6.8-10.3],West Africa,8.4
Ghana,Male,3.2 [1.9-4.8],West Africa,3.2
Ghana,Female,13.1 [10.2-16.4],West Africa,13.1
Greece,Both sexes,22.0 [18.2-26.1],Balkans,22.0
Greece,Male,20.4 [15.1-26.1],Balkans,20.4
Greece,Female,23.5 [18.0-29.5],Balkans,23.5
Grenada,Both sexes,17.6 [13.6-22.0],Caribbean,17.6
Grenada,Male,10.3 [6.3-15.3],Caribbean,10.3
Grenada,Female,24.6 [18.2-31.8],Caribbean,24.6
Guatemala,Both sexes,17.3 [14.1-21.0],Central America,17.3
Guatemala,Male,11.7 [7.6-16.8],Central America,11.7
Guatemala,Female,22.2 [17.3-27.6],Central America,22.2
Guinea,Both sexes,5.6 [4.1-7.4],West Africa,5.6
Guinea,Male,2.5 [1.3-4.3],West Africa,2.5
Guinea,Female,8.6 [5.9-12.0],West Africa,8.6
Guinea-Bissau,Both sexes,6.9 [4.8-9.4],West Africa,6.9
Guinea-Bissau,Male,3.3 [1.6-5.7],West Africa,3.3
Guinea-Bissau,Female,10.3 [6.8-14.5],West Africa,10.3
Guyana,Both sexes,16.3 [12.4-20.7],South America,16.3
Guyana,Male,9.4 [5.5-14.3],South America,9.4
Guyana,Female,22.5 [16.3-29.4],South America,22.5
Haiti,Both sexes,16.9 [13.4-21.0],Caribbean,16.9
Haiti,Male,12.2 [7.5-18.2],Caribbean,12.2
Haiti,Female,21.3 [16.0-26.9],Caribbean,21.3
Honduras,Both sexes,17.2 [13.7-21.0],Central America,17.2
Honduras,Male,11.9 [7.6-17.3],Central America,11.9
Honduras,Female,22.3 [17.2-28.0],Central America,22.3
Hungary,Both sexes,23.1 [19.2-27.2],Eastern Europe,23.1
Hungary,Male,23.8 [18.4-29.8],Eastern Europe,23.8
Hungary,Female,22.2 [16.9-28.1],Eastern Europe,22.2
Iceland,Both sexes,19.2 [16.4-22.3],Northern Europe,19.2
Iceland,Male,20.6 [16.3-25.2],Northern Europe,20.6
Iceland,Female,17.8 [14.0-22.0],Northern Europe,17.8
India,Both sexes,2.7 [2.2-3.2],South Asia,2.7
India,Male,1.7 [1.3-2.3],South Asia,1.7
India,Female,3.6 [2.8-4.6],South Asia,3.6
Indonesia,Both sexes,4.6 [3.5-5.9],Southeast Asia,4.6
Indonesia,Male,2.8 [1.7-4.2],Southeast Asia,2.8
Indonesia,Female,6.3 [4.4-8.6],Southeast Asia,6.3
Iran (Islamic Republic of),Both sexes,21.5 [19.5-23.6],Central Asia,21.5
Iran (Islamic Republic of),Male,14.9 [12.6-17.5],Central Asia,14.9
Iran (Islamic Republic of),Female,28.2 [25.0-31.4],Central Asia,28.2
Iraq,Both sexes,26.4 [22.3-30.5],Middle East,26.4
Iraq,Male,19.2 [13.9-24.7],Middle East,19.2
Iraq,Female,33.2 [27.0-39.5],Middle East,33.2
Ireland,Both sexes,21.0 [17.6-24.5],Western Europe,21.0
Ireland,Male,20.6 [15.7-25.7],Western Europe,20.6
Ireland,Female,21.4 [16.9-26.3],Western Europe,21.4
Israel,Both sexes,23.9 [20.1-27.8],Middle East,23.9
Israel,Male,22.7 [17.5-28.6],Middle East,22.7
Israel,Female,24.9 [19.6-30.7],Middle East,24.9
Italy,Both sexes,17.8 [15.5-20.1],Southern Europe,17.8
Italy,Male,17.4 [14.3-20.7],Southern Europe,17.4
Italy,Female,18.0 [14.8-21.4],Southern Europe,18.0
Jamaica,Both sexes,20.6 [17.2-24.1],Caribbean,20.6
Jamaica,Male,11.5 [8.1-15.8],Caribbean,11.5
Jamaica,Female,29.1 [23.6-34.6],Caribbean,29.1
Japan,Both sexes,3.2 [2.6-3.8],East Asia,3.2
Japan,Male,3.3 [2.5-4.3],East Asia,3.3
Japan,Female,3.0 [2.3-3.9],East Asia,3.0
Jordan,Both sexes,31.4 [28.0-34.9],Middle East,31.4
Jordan,Male,23.6 [18.9-28.8],Middle East,23.6
Jordan,Female,39.5 [34.7-44.3],Middle East,39.5
Kazakhstan,Both sexes,17.6 [14.1-21.3],Central Asia,17.6
Kazakhstan,Male,15.3 [10.4-21.1],Central Asia,15.3
Kazakhstan,Female,19.3 [14.6-24.5],Central Asia,19.3
Kenya,Both sexes,5.1 [3.6-6.8],East Africa,5.1
Kenya,Male,1.9 [0.9-3.4],East Africa,1.9
Kenya,Female,8.1 [5.5-11.2],East Africa,8.1
Kiribati,Both sexes,41.6 [36.2-46.9],Oceania,41.6
Kiribati,Male,36.5 [29.0-44.3],Oceania,36.5
Kiribati,Female,46.6 [39.2-54.2],Oceania,46.6
Kuwait,Both sexes,34.0 [30.6-37.6],Middle East,34.0
Kuwait,Male,28.9 [24.3-33.7],Middle East,28.9
Kuwait,Female,42.8 [37.8-47.9],Middle East,42.8
Kyrgyzstan,Both sexes,13.0 [9.8-16.6],Central Asia,13.0
Kyrgyzstan,Male,10.7 [6.4-16.0],Central Asia,10.7
Kyrgyzstan,Female,14.9 [10.5-20.0],Central Asia,14.9
Lao People's Democratic Republic,Both sexes,3.3 [2.2-4.7],Southeast Asia,3.3
Lao People's Democratic Republic,Male,2.0 [1.0-3.5],Southeast Asia,2.0
Lao People's Democratic Republic,Female,4.4 [2.6-6.8],Southeast Asia,4.4
Latvia,Both sexes,21.5 [17.1-26.2],Eastern Europe,21.5
Latvia,Male,18.5 [12.7-25.0],Eastern Europe,18.5
Latvia,Female,23.9 [17.4-30.7],Eastern Europe,23.9
Lebanon,Both sexes,28.2 [24.0-32.4],Middle East,28.2
Lebanon,Male,23.2 [17.5-29.2],Middle East,23.2
Lebanon,Female,33.8 [27.8-40.3],Middle East,33.8
Lesotho,Both sexes,13.6 [10.7-17.0],Southern Africa,13.6
Lesotho,Male,3.1 [1.7-5.1],Southern Africa,3.1
Lesotho,Female,22.0 [16.8-27.8],Southern Africa,22.0
Liberia,Both sexes,7.7 [5.7-9.9],West Africa,7.7
Liberia,Male,3.9 [2.2-6.5],West Africa,3.9
Liberia,Female,11.1 [7.8-15.1],West Africa,11.1
Libya,Both sexes,28.2 [23.9-32.7],North Africa,28.2
Libya,Male,20.6 [15.2-26.6],North Africa,20.6
Libya,Female,36.0 [29.3-42.6],North Africa,36.0
Lithuania,Both sexes,24.1 [20.4-28.1],Eastern Europe,24.1
Lithuania,Male,20.9 [15.9-26.6],Eastern Europe,20.9
Lithuania,Female,26.4 [21.0-31.9],Eastern Europe,26.4
Luxembourg,Both sexes,19.6 [15.8-23.7],Western Europe,19.6
Luxembourg,Male,20.6 [14.9-27.0],Western Europe,20.6
Luxembourg,Female,18.5 [13.4-24.1],Western Europe,18.5
Madagascar,Both sexes,3.7 [2.5-5.1],Southern Africa,3.7
Madagascar,Male,1.9 [0.9-3.4],Southern Africa,1.9
Madagascar,Female,5.3 [3.3-7.9],Southern Africa,5.3
Malawi,Both sexes,4.2 [2.9-5.7],Southern Africa,4.2
Malawi,Male,1.5 [0.7-2.9],Southern Africa,1.5
Malawi,Female,6.6 [4.4-9.3],Southern Africa,6.6
Malaysia,Both sexes,11.5 [9.4-13.7],Southeast Asia,11.5
Malaysia,Male,8.8 [6.5-11.7],Southeast Asia,8.8
Malaysia,Female,14.0 [10.9-17.5],Southeast Asia,14.0
Maldives,Both sexes,5.5 [4.0-7.6],South Asia,5.5
Maldives,Male,3.3 [1.8-5.5],South Asia,3.3
Maldives,Female,7.8 [5.1-11.4],South Asia,7.8
Mali,Both sexes,6.2 [4.5-8.1],North Africa,6.2
Mali,Male,2.9 [1.6-5.0],North Africa,2.9
Mali,Female,9.1 [6.3-12.3],North Africa,9.1
Malta,Both sexes,26.4 [21.7-31.3],Southern Europe,26.4
Malta,Male,25.7 [19.3-32.7],Southern Europe,25.7
Malta,Female,27.1 [20.3-34.1],Southern Europe,27.1
Marshall Islands,Both sexes,49.0 [43.6-54.4],Oceania,49.0
Marshall Islands,Male,43.6 [35.7-51.6],Oceania,43.6
Marshall Islands,Female,54.3 [46.9-62.0],Oceania,54.3
Mauritania,Both sexes,9.9 [7.4-12.7],North Africa,9.9
Mauritania,Male,4.7 [2.6-7.5],North Africa,4.7
Mauritania,Female,14.7 [10.4-19.8],North Africa,14.7
Mauritius,Both sexes,8.8 [6.6-11.4],Southern Africa,8.8
Mauritius,Male,4.4 [2.5-7.1],Southern Africa,4.4
Mauritius,Female,12.9 [9.2-17.4],Southern Africa,12.9
Mexico,Both sexes,25.3 [22.7-28.0],North America,25.3
Mexico,Male,20.6 [17.0-24.4],North America,20.6
Mexico,Female,29.3 [25.4-33.3],North America,29.3
Micronesia (Federated States of),Both sexes,40.8 [35.9-45.7],Oceania,40.8
Micronesia (Federated States of),Male,34.3 [27.3-41.8],Oceania,34.3
Micronesia (Federated States of),Female,47.1 [40.2-53.8],Oceania,47.1
Monaco,Both sexes,No data,Western Europe,0
Monaco,Male,No data,Western Europe,0
Monaco,Female,No data,Western Europe,0
Mongolia,Both sexes,16.1 [12.9-19.4],Central Asia,16.1
Mongolia,Male,12.9 [8.9-17.7],Central Asia,12.9
Mongolia,Female,18.9 [14.1-23.9],Central Asia,18.9
Montenegro,Both sexes,20.4 [16.0-25.1],Balkans,20.4
Montenegro,Male,19.6 [13.3-26.6],Balkans,19.6
Montenegro,Female,21.0 [15.0-27.7],Balkans,21.0
Morocco,Both sexes,21.5 [17.6-25.7],North Africa,21.5
Morocco,Male,14.9 [10.1-20.4],North Africa,14.9
Morocco,Female,27.5 [21.8-33.5],North Africa,27.5
Mozambique,Both sexes,5.4 [3.9-7.3],Southern Africa,5.4
Mozambique,Male,2.3 [1.2-4.1],Southern Africa,2.3
Mozambique,Female,8.0 [5.4-11.2],Southern Africa,8.0
Myanmar,Both sexes,3.8 [2.7-5.2],Southeast Asia,3.8
Myanmar,Male,2.4 [1.4-3.9],Southeast Asia,2.4
Myanmar,Female,5.0 [3.2-7.2],Southeast Asia,5.0
Namibia,Both sexes,13.5 [10.6-16.7],Southern Africa,13.5
Namibia,Male,4.9 [2.7-7.9],Southern Africa,4.9
Namibia,Female,20.7 [15.7-26.0],Southern Africa,20.7
Nauru,Both sexes,58.5 [53.9-63.2],Oceania,58.5
Nauru,Male,55.4 [48.7-61.9],Oceania,55.4
Nauru,Female,61.6 [55.2-67.9],Oceania,61.6
Nepal,Both sexes,2.7 [2.0-3.7],South Asia,2.7
Nepal,Male,1.7 [0.9-2.8],South Asia,1.7
Nepal,Female,3.7 [2.4-5.3],South Asia,3.7
Netherlands,Both sexes,17.3 [14.8-20.0],Western Europe,17.3
Netherlands,Male,16.8 [13.3-20.8],Western Europe,16.8
Netherlands,Female,17.6 [14.2-21.1],Western Europe,17.6
New Zealand,Both sexes,26.6 [24.0-29.4],Oceania,26.6
New Zealand,Male,25.6 [21.9-29.7],Oceania,25.6
New Zealand,Female,27.6 [23.8-31.5],Oceania,27.6
Nicaragua,Both sexes,19.9 [16.2-23.8],Central America,19.9
Nicaragua,Male,14.3 [9.4-20.1],Central America,14.3
Nicaragua,Female,25.0 [19.7-30.7],Central America,25.0
Niger,Both sexes,3.9 [2.7-5.4],West Africa,3.9
Niger,Male,1.7 [0.8-3.0],West Africa,1.7
Niger,Female,6.3 [4.1-9.0],West Africa,6.3
Nigeria,Both sexes,6.4 [5.0-7.8],West Africa,6.4
Nigeria,Male,3.0 [1.9-4.5],West Africa,3.0
Nigeria,Female,9.6 [7.3-12.5],West Africa,9.6
Niue,Both sexes,44.4 [38.8-49.8],Oceania,44.4
Niue,Male,38.5 [30.3-46.9],Oceania,38.5
Niue,Female,50.4 [42.9-57.9],Oceania,50.4
Norway,Both sexes,19.9 [17.2-22.7],Northern Europe,19.9
Norway,Male,19.7 [15.8-23.8],Northern Europe,19.7
Norway,Female,20.1 [16.3-24.0],Northern Europe,20.1
Oman,Both sexes,22.4 [18.9-26.1],Middle East,22.4
Oman,Male,17.9 [13.4-22.7],Middle East,17.9
Oman,Female,29.3 [23.6-35.0],Middle East,29.3
Pakistan,Both sexes,6.2 [4.6-8.0],South Asia,6.2
Pakistan,Male,4.0 [2.4-6.3],South Asia,4.0
Pakistan,Female,8.4 [5.8-11.6],South Asia,8.4
Palau,Both sexes,51.1 [45.5-56.5],Oceania,51.1
Palau,Male,46.6 [38.4-54.3],Oceania,46.6
Palau,Female,55.6 [47.6-62.9],Oceania,55.6
Panama,Both sexes,19.1 [15.4-23.1],Central America,19.1
Panama,Male,14.3 [9.9-19.6],Central America,14.3
Panama,Female,23.9 [18.2-29.9],Central America,23.9
Papua New Guinea,Both sexes,17.4 [12.8-22.5],Oceania,17.4
Papua New Guinea,Male,13.0 [7.5-19.7],Oceania,13.0
Papua New Guinea,Female,21.6 [14.8-29.0],Oceania,21.6
Paraguay,Both sexes,16.7 [12.4-21.4],South America,16.7
Paraguay,Male,13.6 [8.3-20.1],South America,13.6
Paraguay,Female,19.7 [13.3-26.8],South America,19.7
Peru,Both sexes,16.9 [14.4-19.4],South America,16.9
Peru,Male,12.4 [9.1-15.9],South America,12.4
Peru,Female,21.2 [17.8-24.9],South America,21.2
Philippines,Both sexes,4.8 [3.6-6.2],Southeast Asia,4.8
Philippines,Male,3.7 [2.2-5.6],Southeast Asia,3.7
Philippines,Female,5.8 [4.0-8.0],Southeast Asia,5.8
Poland,Both sexes,20.5 [18.0-23.0],Eastern Europe,20.5
Poland,Male,20.1 [16.7-23.7],Eastern Europe,20.1
Poland,Female,20.5 [17.2-23.9],Eastern Europe,20.5
Portugal,Both sexes,17.7 [14.7-20.8],Southern Europe,17.7
Portugal,Male,16.5 [12.6-20.7],Southern Europe,16.5
Portugal,Female,18.7 [14.3-23.4],Southern Europe,18.7
Qatar,Both sexes,30.5 [25.7-35.6],Middle East,30.5
Qatar,Male,27.7 [21.8-34.0],Middle East,27.7
Qatar,Female,39.9 [33.6-46.2],Middle East,39.9
Republic of Korea,Both sexes,3.8 [3.0-4.6],East Asia,3.8
Republic of Korea,Male,3.4 [2.4-4.5],East Asia,3.4
Republic of Korea,Female,4.2 [3.1-5.4],East Asia,4.2
Republic of Moldova,Both sexes,16.6 [12.8-20.7],Eastern Europe,16.6
Republic of Moldova,Male,13.3 [8.4-19.1],Eastern Europe,13.3
Republic of Moldova,Female,19.3 [13.9-25.3],Eastern Europe,19.3
Republic of North Macedonia,Both sexes,19.8 [15.4-24.4],Balkans,19.8
Republic of North Macedonia,Male,19.3 [13.0-26.3],Balkans,19.3
Republic of North Macedonia,Female,20.2 [14.5-26.6],Balkans,20.2
Romania,Both sexes,19.4 [15.9-23.0],Eastern Europe,19.4
Romania,Male,19.2 [14.4-24.5],Eastern Europe,19.2
Romania,Female,19.4 [14.7-24.3],Eastern Europe,19.4
Russian Federation,Both sexes,21.2 [18.6-23.8],Eastern Europe,21.2
Russian Federation,Male,15.2 [12.2-18.5],Eastern Europe,15.2
Russian Federation,Female,25.8 [22.0-29.8],Eastern Europe,25.8
Rwanda,Both sexes,4.0 [2.7-5.6],East Africa,4.0
Rwanda,Male,1.2 [0.5-2.2],East Africa,1.2
Rwanda,Female,6.5 [4.2-9.3],East Africa,6.5
Saint Kitts and Nevis,Both sexes,18.7 [14.5-23.4],Caribbean,18.7
Saint Kitts and Nevis,Male,11.6 [7.2-17.3],Caribbean,11.6
Saint Kitts and Nevis,Female,25.5 [18.8-32.9],Caribbean,25.5
Saint Lucia,Both sexes,16.2 [12.6-20.1],Caribbean,16.2
Saint Lucia,Male,9.2 [5.6-13.7],Caribbean,9.2
Saint Lucia,Female,22.8 [17.0-29.1],Caribbean,22.8
Saint Vincent and the Grenadines,Both sexes,19.4 [15.2-24.1],Caribbean,19.4
Saint Vincent and the Grenadines,Male,12.5 [7.6-18.6],Caribbean,12.5
Saint Vincent and the Grenadines,Female,26.4 [19.3-34.0],Caribbean,26.4
Samoa,Both sexes,42.8 [37.9-47.8],Oceania,42.8
Samoa,Male,34.8 [27.9-42.4],Oceania,34.8
Samoa,Female,51.1 [44.3-57.8],Oceania,51.1
San Marino,Both sexes,No data,Southern Europe,0
San Marino,Male,No data,Southern Europe,0
San Marino,Female,No data,Southern Europe,0
Sao Tome and Principe,Both sexes,9.6 [7.1-12.5],Central Africa,9.6
Sao Tome and Principe,Male,5.1 [2.9-8.1],Central Africa,5.1
Sao Tome and Principe,Female,13.4 [9.4-18.2],Central Africa,13.4
Saudi Arabia,Both sexes,30.8 [27.6-34.0],Middle East,30.8
Saudi Arabia,Male,25.7 [21.4-30.2],Middle East,25.7
Saudi Arabia,Female,38.6 [33.9-43.2],Middle East,38.6
Senegal,Both sexes,6.8 [5.0-8.9],West Africa,6.8
Senegal,Male,2.8 [1.5-4.8],West Africa,2.8
Senegal,Female,10.1 [7.2-13.8],West Africa,10.1
Serbia,Both sexes,18.8 [15.7-22.0],Balkans,18.8
Serbia,Male,17.7 [13.5-22.3],Balkans,17.7
Serbia,Female,19.7 [15.2-24.6],Balkans,19.7
Seychelles,Both sexes,11.4 [8.7-14.4],Southern Africa,11.4
Seychelles,Male,5.7 [3.3-9.1],Southern Africa,5.7
Seychelles,Female,16.9 [12.5-22.2],Southern Africa,16.9
Sierra Leone,Both sexes,6.5 [4.7-8.7],West Africa,6.5
Sierra Leone,Male,2.6 [1.4-4.4],West Africa,2.6
Sierra Leone,Female,10.2 [7.0-14.1],West Africa,10.2
Singapore,Both sexes,5.3 [3.8-6.9],Southeast Asia,5.3
Singapore,Male,4.6 [2.9-6.9],Southeast Asia,4.6
Singapore,Female,5.8 [3.8-8.3],Southeast Asia,5.8
Slovakia,Both sexes,18.1 [14.8-21.8],Eastern Europe,18.1
Slovakia,Male,17.9 [13.2-23.3],Eastern Europe,17.9
Slovakia,Female,18.2 [13.7-23.1],Eastern Europe,18.2
Slovenia,Both sexes,17.8 [13.8-22.1],Balkans,17.8
Slovenia,Male,16.4 [10.8-22.7],Balkans,16.4
Slovenia,Female,19.1 [13.6-25.3],Balkans,19.1
Solomon Islands,Both sexes,18.1 [14.1-22.8],Oceania,18.1
Solomon Islands,Male,13.6 [8.6-19.7],Oceania,13.6
Solomon Islands,Female,22.8 [16.6-29.3],Oceania,22.8
Somalia,Both sexes,6.2 [4.1-8.7],East Africa,6.2
Somalia,Male,2.7 [1.3-4.9],East Africa,2.7
Somalia,Female,9.3 [5.7-13.7],East Africa,9.3
South Africa,Both sexes,24.5 [21.8-27.3],Southern Africa,24.5
South Africa,Male,11.5 [8.8-14.5],Southern Africa,11.5
South Africa,Female,35.6 [31.3-40.1],Southern Africa,35.6
South Sudan,Both sexes,No data,East Africa,0
South Sudan,Male,No data,East Africa,0
South Sudan,Female,No data,East Africa,0
Spain,Both sexes,21.3 [19.0-23.8],Southern Europe,21.3
Spain,Male,21.3 [17.8-25.1],Southern Europe,21.3
Spain,Female,21.2 [17.9-24.7],Southern Europe,21.2
Sri Lanka,Both sexes,3.5 [2.5-4.9],South Asia,3.5
Sri Lanka,Male,1.8 [1.0-3.0],South Asia,1.8
Sri Lanka,Female,5.1 [3.3-7.5],South Asia,5.1
Sudan,Both sexes,No data,North Africa,0
Sudan,Male,No data,North Africa,0
Sudan,Female,No data,North Africa,0
Sudan (former),Both sexes,5.1 [3.5-7.1],North Africa,5.1
Sudan (former),Male,3.3 [1.7-5.4] 2.8 [1.3-4.9],North Africa,3.3
Sudan (former),Female,9.4 [6.1-13.6] 9.7 [6.1-14.3],North Africa,9.4
Suriname,Both sexes,23.0 [18.7-27.5],South America,23.0
Suriname,Male,15.5 [10.4-21.6],South America,15.5
Suriname,Female,30.2 [23.7-37.3],South America,30.2
Sweden,Both sexes,17.8 [15.4-20.3],Northern Europe,17.8
Sweden,Male,19.4 [16.1-22.9],Northern Europe,19.4
Sweden,Female,16.2 [12.8-19.6],Northern Europe,16.2
Switzerland,Both sexes,16.9 [14.1-19.9],Western Europe,16.9
Switzerland,Male,18.7 [15.0-22.9],Western Europe,18.7
Switzerland,Female,15.0 [11.2-19.3],Western Europe,15.0
Syrian Arab Republic,Both sexes,23.1 [18.8-27.6],Middle East,23.1
Syrian Arab Republic,Male,16.3 [11.2-22.3],Middle East,16.3
Syrian Arab Republic,Female,30.2 [23.5-37.1],Middle East,30.2
Tajikistan,Both sexes,10.9 [8.0-14.4],Central Asia,10.9
Tajikistan,Male,8.7 [5.0-13.8],Central Asia,8.7
Tajikistan,Female,13.0 [8.9-18.1],Central Asia,13.0
Thailand,Both sexes,6.5 [5.0-8.4],Southeast Asia,6.5
Thailand,Male,4.0 [2.5-6.0],Southeast Asia,4.0
Thailand,Female,8.8 [6.3-11.9],Southeast Asia,8.8
Timor-Leste,Both sexes,2.4 [1.5-3.6],Southeast Asia,2.4
Timor-Leste,Male,1.5 [0.7-2.8],Southeast Asia,1.5
Timor-Leste,Female,3.3 [1.8-5.3],Southeast Asia,3.3
Togo,Both sexes,6.3 [4.4-8.4],West Africa,6.3
Togo,Male,2.6 [1.4-4.6],West Africa,2.6
Togo,Female,9.4 [6.3-13.1],West Africa,9.4
Tonga,Both sexes,43.4 [37.9-48.5],Oceania,43.4
Tonga,Male,35.8 [28.3-43.7],Oceania,35.8
Tonga,Female,50.4 [43.1-57.5],Oceania,50.4
Trinidad and Tobago,Both sexes,14.8 [11.0-19.0],Caribbean,14.8
Trinidad and Tobago,Male,8.1 [4.5-13.2],Caribbean,8.1
Trinidad and Tobago,Female,21.1 [14.8-28.0],Caribbean,21.1
Tunisia,Both sexes,22.9 [19.2-26.6],North Africa,22.9
Tunisia,Male,15.1 [10.8-19.9],North Africa,15.1
Tunisia,Female,30.3 [24.6-36.1],North Africa,30.3
Turkey,Both sexes,27.6 [25.1-30.2],Middle East,27.6
Turkey,Male,19.6 [16.2-23.2],Middle East,19.6
Turkey,Female,34.8 [30.9-38.7],Middle East,34.8
Turkmenistan,Both sexes,14.8 [11.2-18.8],Central Asia,14.8
Turkmenistan,Male,12.2 [7.5-18.0],Central Asia,12.2
Turkmenistan,Female,17.0 [12.0-22.9],Central Asia,17.0
Tuvalu,Both sexes,46.2 [40.4-52.0],Oceania,46.2
Tuvalu,Male,40.7 [32.6-49.2],Oceania,40.7
Tuvalu,Female,51.8 [43.7-59.7],Oceania,51.8
Uganda,Both sexes,3.7 [2.6-5.1],East Africa,3.7
Uganda,Male,1.2 [0.6-2.2],East Africa,1.2
Uganda,Female,6.1 [4.0-8.7],East Africa,6.1
Ukraine,Both sexes,21.7 [17.0-26.8],Eastern Europe,21.7
Ukraine,Male,18.6 [12.1-26.0],Eastern Europe,18.6
Ukraine,Female,24.2 [17.6-31.4],Eastern Europe,24.2
United Arab Emirates,Both sexes,27.0 [22.7-31.7],Middle East,27.0
United Arab Emirates,Male,22.8 [17.2-28.9],Middle East,22.8
United Arab Emirates,Female,37.3 [31.2-43.5],Middle East,37.3
United Kingdom of Great Britain and Northern Ireland,Both sexes,23.6 [21.9-25.5],Western Europe,23.6
United Kingdom of Great Britain and Northern Ireland,Male,22.4 [19.9-24.9],Western Europe,22.4
United Kingdom of Great Britain and Northern Ireland,Female,24.9 [22.5-27.4],Western Europe,24.9
United Republic of Tanzania,Both sexes,6.0 [4.6-7.7],East Africa,6.0
United Republic of Tanzania,Male,2.6 [1.4-4.3],East Africa,2.6
United Republic of Tanzania,Female,9.1 [6.6-12.2],East Africa,9.1
United States of America,Both sexes,31.7 [29.0-34.3],North America,31.7
United States of America,Male,30.5 [26.8-34.5],North America,30.5
United States of America,Female,32.7 [29.1-36.4],North America,32.7
Uruguay,Both sexes,24.6 [20.3-29.1],South America,24.6
Uruguay,Male,21.2 [15.5-27.4],South America,21.2
Uruguay,Female,27.5 [21.6-34.1],South America,27.5
Uzbekistan,Both sexes,13.0 [9.9-16.6],Central Asia,13.0
Uzbekistan,Male,10.6 [6.5-15.7],Central Asia,10.6
Uzbekistan,Female,15.2 [10.6-20.4],Central Asia,15.2
Vanuatu,Both sexes,20.7 [16.3-25.6],Oceania,20.7
Vanuatu,Male,15.9 [9.9-22.8],Oceania,15.9
Vanuatu,Female,25.7 [19.1-33.0],Oceania,25.7
Venezuela (Bolivarian Republic of),Both sexes,22.9 [19.4-26.6],South America,22.9
Venezuela (Bolivarian Republic of),Male,19.5 [14.7-24.7],South America,19.5
Venezuela (Bolivarian Republic of),Female,26.2 [21.2-31.5],South America,26.2
Viet Nam,Both sexes,1.3 [0.9-1.8],Southeast Asia,1.3
Viet Nam,Male,0.8 [0.5-1.4],Southeast Asia,0.8
Viet Nam,Female,1.6 [1.0-2.5],Southeast Asia,1.6
Yemen,Both sexes,13.0 [10.2-16.0],Middle East,13.0
Yemen,Male,8.3 [5.2-12.1],Middle East,8.3
Yemen,Female,17.4 [12.9-22.2],Middle East,17.4
Zambia,Both sexes,6.0 [4.4-7.9],Southern Africa,6.0
Zambia,Male,2.5 [1.2-4.3],Southern Africa,2.5
Zambia,Female,9.4 [6.6-12.7],Southern Africa,9.4
Zimbabwe,Both sexes,13.5 [10.8-16.5],Southern Africa,13.5
Zimbabwe,Male,3.6 [2.0-5.9],Southern Africa,3.6
Zimbabwe,Female,22.2 [17.4-27.7],Southern Africa,22.2
